# ************************************************************
# Sequel Pro SQL dump
# Version 4541
#
# http://www.sequelpro.com/
# https://github.com/sequelpro/sequelpro
#
# Host: 127.0.0.1 (MySQL 5.7.35)
# Database: pexdoc
# Generation Time: 2021-09-05 13:41:43 +0000
# ************************************************************


/*!40101 SET @OLD_CHARACTER_SET_CLIENT=@@CHARACTER_SET_CLIENT */;
/*!40101 SET @OLD_CHARACTER_SET_RESULTS=@@CHARACTER_SET_RESULTS */;
/*!40101 SET @OLD_COLLATION_CONNECTION=@@COLLATION_CONNECTION */;
/*!40101 SET NAMES utf8 */;
/*!40014 SET @OLD_FOREIGN_KEY_CHECKS=@@FOREIGN_KEY_CHECKS, FOREIGN_KEY_CHECKS=0 */;
/*!40101 SET @OLD_SQL_MODE=@@SQL_MODE, SQL_MODE='NO_AUTO_VALUE_ON_ZERO' */;
/*!40111 SET @OLD_SQL_NOTES=@@SQL_NOTES, SQL_NOTES=0 */;


# Dump of table activity_log
# ------------------------------------------------------------

DROP TABLE IF EXISTS `activity_log`;

CREATE TABLE `activity_log` (
  `id` bigint(20) unsigned NOT NULL AUTO_INCREMENT,
  `log_name` varchar(191) COLLATE utf8mb4_unicode_ci DEFAULT NULL,
  `description` text COLLATE utf8mb4_unicode_ci NOT NULL,
  `subject_type` varchar(191) COLLATE utf8mb4_unicode_ci DEFAULT NULL,
  `subject_id` bigint(20) unsigned DEFAULT NULL,
  `causer_type` varchar(191) COLLATE utf8mb4_unicode_ci DEFAULT NULL,
  `causer_id` bigint(20) unsigned DEFAULT NULL,
  `properties` longtext CHARACTER SET utf8mb4 COLLATE utf8mb4_bin,
  `created_at` timestamp NULL DEFAULT NULL,
  `updated_at` timestamp NULL DEFAULT NULL,
  PRIMARY KEY (`id`),
  KEY `subject` (`subject_type`,`subject_id`),
  KEY `causer` (`causer_type`,`causer_id`),
  KEY `activity_log_log_name_index` (`log_name`)
) ENGINE=InnoDB DEFAULT CHARSET=utf8mb4 COLLATE=utf8mb4_unicode_ci;

LOCK TABLES `activity_log` WRITE;
/*!40000 ALTER TABLE `activity_log` DISABLE KEYS */;

INSERT INTO `activity_log` (`id`, `log_name`, `description`, `subject_type`, `subject_id`, `causer_type`, `causer_id`, `properties`, `created_at`, `updated_at`)
VALUES
	(142,'default','updated','App\\SupportTicket',76,'App\\Admin',10,X'7B2261747472696275746573223A7B227469746C65223A2254657374222C22766961223A2277656273697465222C226F7065726174696E675F73797374656D223A6E756C6C2C22757365725F6167656E74223A224D6F7A696C6C615C2F352E30202857696E646F7773204E542031302E303B2057696E36343B207836343B2072763A38392E3029204765636B6F5C2F32303130303130312046697265666F785C2F38392E30222C226465736372697074696F6E223A223C703E7364667364663C62723E3C5C2F703E222C227375626A656374223A2254657374207469636B65742073746F7265222C22737461747573223A22636C6F7365222C227072696F72697479223A226C6F77222C22757365725F6964223A332C2261646D696E5F6964223A6E756C6C7D2C226F6C64223A7B227469746C65223A2254657374222C22766961223A2277656273697465222C226F7065726174696E675F73797374656D223A6E756C6C2C22757365725F6167656E74223A224D6F7A696C6C615C2F352E30202857696E646F7773204E542031302E303B2057696E36343B207836343B2072763A38392E3029204765636B6F5C2F32303130303130312046697265666F785C2F38392E30222C226465736372697074696F6E223A223C703E7364667364663C62723E3C5C2F703E222C227375626A656374223A2254657374207469636B65742073746F7265222C22737461747573223A226F70656E222C227072696F72697479223A226C6F77222C22757365725F6964223A332C2261646D696E5F6964223A6E756C6C7D7D','2021-08-16 06:11:46','2021-08-16 06:11:46'),
	(143,'default','created','App\\SupportTicket',77,'App\\User',3,X'7B2261747472696275746573223A7B227469746C65223A2264737364222C22766961223A2277656273697465222C226F7065726174696E675F73797374656D223A6E756C6C2C22757365725F6167656E74223A224D6F7A696C6C615C2F352E30202857696E646F7773204E542031302E303B2057696E36343B207836343B2072763A39312E3029204765636B6F5C2F32303130303130312046697265666F785C2F39312E30222C226465736372697074696F6E223A223C703E7364667364663C62723E3C5C2F703E222C227375626A656374223A22736466736466222C22737461747573223A226F70656E222C227072696F72697479223A22757267656E74222C22757365725F6964223A332C2261646D696E5F6964223A6E756C6C7D7D','2021-08-16 06:14:57','2021-08-16 06:14:57'),
	(144,'default','deleted','App\\SupportTicket',77,'App\\Admin',10,X'7B2261747472696275746573223A7B227469746C65223A2264737364222C22766961223A2277656273697465222C226F7065726174696E675F73797374656D223A6E756C6C2C22757365725F6167656E74223A224D6F7A696C6C615C2F352E30202857696E646F7773204E542031302E303B2057696E36343B207836343B2072763A39312E3029204765636B6F5C2F32303130303130312046697265666F785C2F39312E30222C226465736372697074696F6E223A223C703E7364667364663C62723E3C5C2F703E222C227375626A656374223A22736466736466222C22737461747573223A226F70656E222C227072696F72697479223A22757267656E74222C22757365725F6964223A332C2261646D696E5F6964223A6E756C6C7D7D','2021-08-16 06:15:45','2021-08-16 06:15:45'),
	(145,'default','updated','App\\SupportTicket',76,'App\\User',3,X'7B2261747472696275746573223A7B227469746C65223A2254657374222C22766961223A2277656273697465222C226F7065726174696E675F73797374656D223A6E756C6C2C22757365725F6167656E74223A224D6F7A696C6C615C2F352E30202857696E646F7773204E542031302E303B2057696E36343B207836343B2072763A38392E3029204765636B6F5C2F32303130303130312046697265666F785C2F38392E30222C226465736372697074696F6E223A223C703E7364667364663C62723E3C5C2F703E222C227375626A656374223A2254657374207469636B65742073746F7265222C22737461747573223A226F70656E222C227072696F72697479223A226C6F77222C22757365725F6964223A332C2261646D696E5F6964223A6E756C6C7D2C226F6C64223A7B227469746C65223A2254657374222C22766961223A2277656273697465222C226F7065726174696E675F73797374656D223A6E756C6C2C22757365725F6167656E74223A224D6F7A696C6C615C2F352E30202857696E646F7773204E542031302E303B2057696E36343B207836343B2072763A38392E3029204765636B6F5C2F32303130303130312046697265666F785C2F38392E30222C226465736372697074696F6E223A223C703E7364667364663C62723E3C5C2F703E222C227375626A656374223A2254657374207469636B65742073746F7265222C22737461747573223A22636C6F7365222C227072696F72697479223A226C6F77222C22757365725F6964223A332C2261646D696E5F6964223A6E756C6C7D7D','2021-08-19 09:31:04','2021-08-19 09:31:04'),
	(146,'default','created','App\\SupportTicket',77,'App\\User',5,X'7B2261747472696275746573223A7B227469746C65223A2274686973206973206175746F6D6174696F6E2074657374222C22766961223A2277656273697465222C226F7065726174696E675F73797374656D223A6E756C6C2C22757365725F6167656E74223A224D6F7A696C6C615C2F352E3020284D6163696E746F73683B20496E74656C204D6163204F5320582031305F31355F3629204170706C655765624B69745C2F3630352E312E313520284B48544D4C2C206C696B65204765636B6F292056657273696F6E5C2F31342E302E33205361666172695C2F3630352E312E3135222C226465736372697074696F6E223A223C703E3C7370616E207374796C653D5C22636F6C6F723A2072676228302C20302C2030293B20666F6E742D66616D696C793A20636F6D69635765622C2056657264616E612C2073616E732D73657269663B20666F6E742D73697A653A20323370783B20666F6E742D76617269616E742D6C69676174757265733A206E6F726D616C3B206F727068616E733A20323B207769646F77733A20323B206261636B67726F756E642D636F6C6F723A207267622833322C2033322C203332293B20746578742D6465636F726174696F6E2D746869636B6E6573733A20696E697469616C3B5C223E5469726564206F66207573696E67206C6F72656D20697073756D206F72206B6579626F6172642D6D617368696E6720666F7220706C616365686F6C64657220746578743F3C5C2F7370616E3E3C62723E3C5C2F703E222C227375626A656374223A226175746F6D6120736464222C22737461747573223A226F70656E222C227072696F72697479223A226C6F77222C22757365725F6964223A352C2261646D696E5F6964223A6E756C6C7D7D','2021-09-03 15:06:08','2021-09-03 15:06:08'),
	(147,'default','deleted','App\\SupportTicket',77,'App\\Admin',10,X'7B2261747472696275746573223A7B227469746C65223A2274686973206973206175746F6D6174696F6E2074657374222C22766961223A2277656273697465222C226F7065726174696E675F73797374656D223A6E756C6C2C22757365725F6167656E74223A224D6F7A696C6C615C2F352E3020284D6163696E746F73683B20496E74656C204D6163204F5320582031305F31355F3629204170706C655765624B69745C2F3630352E312E313520284B48544D4C2C206C696B65204765636B6F292056657273696F6E5C2F31342E302E33205361666172695C2F3630352E312E3135222C226465736372697074696F6E223A223C703E3C7370616E207374796C653D5C22636F6C6F723A2072676228302C20302C2030293B20666F6E742D66616D696C793A20636F6D69635765622C2056657264616E612C2073616E732D73657269663B20666F6E742D73697A653A20323370783B20666F6E742D76617269616E742D6C69676174757265733A206E6F726D616C3B206F727068616E733A20323B207769646F77733A20323B206261636B67726F756E642D636F6C6F723A207267622833322C2033322C203332293B20746578742D6465636F726174696F6E2D746869636B6E6573733A20696E697469616C3B5C223E5469726564206F66207573696E67206C6F72656D20697073756D206F72206B6579626F6172642D6D617368696E6720666F7220706C616365686F6C64657220746578743F3C5C2F7370616E3E3C62723E3C5C2F703E222C227375626A656374223A226175746F6D6120736464222C22737461747573223A226F70656E222C227072696F72697479223A226C6F77222C22757365725F6964223A352C2261646D696E5F6964223A6E756C6C7D7D','2021-09-03 15:06:33','2021-09-03 15:06:33'),
	(148,'default','created','App\\SupportTicket',78,'App\\User',5,X'7B2261747472696275746573223A7B227469746C65223A2274657374206175746F6D6174696F6E222C22766961223A2277656273697465222C226F7065726174696E675F73797374656D223A6E756C6C2C22757365725F6167656E74223A224D6F7A696C6C615C2F352E3020284D6163696E746F73683B20496E74656C204D6163204F5320582031305F31355F3629204170706C655765624B69745C2F3630352E312E313520284B48544D4C2C206C696B65204765636B6F292056657273696F6E5C2F31342E302E33205361666172695C2F3630352E312E3135222C226465736372697074696F6E223A223C703E3C7370616E207374796C653D5C22636F6C6F723A2072676228302C20302C2030293B20666F6E742D66616D696C793A20636F6D69635765622C2056657264616E612C2073616E732D73657269663B20666F6E742D73697A653A20323370783B20666F6E742D76617269616E742D6C69676174757265733A206E6F726D616C3B206F727068616E733A20323B207769646F77733A20323B206261636B67726F756E642D636F6C6F723A207267622833322C2033322C203332293B20746578742D6465636F726174696F6E2D746869636B6E6573733A20696E697469616C3B5C223E7468697320746F6F6C5C753230313973206F75747075742069732067756172616E7465656420746F20706572666563746C792066696C6C20656D7074792073706163652E3C5C2F7370616E3E3C62723E3C5C2F703E222C227375626A656374223A22666163652062696E206973737565222C22737461747573223A226F70656E222C227072696F72697479223A226C6F77222C22757365725F6964223A352C2261646D696E5F6964223A6E756C6C7D7D','2021-09-03 15:12:11','2021-09-03 15:12:11'),
	(149,'default','deleted','App\\SupportTicket',78,'App\\Admin',10,X'7B2261747472696275746573223A7B227469746C65223A2274657374206175746F6D6174696F6E222C22766961223A2277656273697465222C226F7065726174696E675F73797374656D223A6E756C6C2C22757365725F6167656E74223A224D6F7A696C6C615C2F352E3020284D6163696E746F73683B20496E74656C204D6163204F5320582031305F31355F3629204170706C655765624B69745C2F3630352E312E313520284B48544D4C2C206C696B65204765636B6F292056657273696F6E5C2F31342E302E33205361666172695C2F3630352E312E3135222C226465736372697074696F6E223A223C703E3C7370616E207374796C653D5C22636F6C6F723A2072676228302C20302C2030293B20666F6E742D66616D696C793A20636F6D69635765622C2056657264616E612C2073616E732D73657269663B20666F6E742D73697A653A20323370783B20666F6E742D76617269616E742D6C69676174757265733A206E6F726D616C3B206F727068616E733A20323B207769646F77733A20323B206261636B67726F756E642D636F6C6F723A207267622833322C2033322C203332293B20746578742D6465636F726174696F6E2D746869636B6E6573733A20696E697469616C3B5C223E7468697320746F6F6C5C753230313973206F75747075742069732067756172616E7465656420746F20706572666563746C792066696C6C20656D7074792073706163652E3C5C2F7370616E3E3C62723E3C5C2F703E222C227375626A656374223A22666163652062696E206973737565222C22737461747573223A226F70656E222C227072696F72697479223A226C6F77222C22757365725F6964223A352C2261646D696E5F6964223A6E756C6C7D7D','2021-09-03 15:32:06','2021-09-03 15:32:06'),
	(150,'default','created','App\\SupportTicket',79,'App\\User',5,X'7B2261747472696275746573223A7B227469746C65223A2274657374206175746F6D6174696F6E222C22766961223A2277656273697465222C226F7065726174696E675F73797374656D223A6E756C6C2C22757365725F6167656E74223A224D6F7A696C6C615C2F352E3020284D6163696E746F73683B20496E74656C204D6163204F5320582031305F31355F3629204170706C655765624B69745C2F3630352E312E313520284B48544D4C2C206C696B65204765636B6F292056657273696F6E5C2F31342E302E33205361666172695C2F3630352E312E3135222C226465736372697074696F6E223A223C703E6173646661736466617364663C5C2F703E222C227375626A656374223A2274657374207362222C22737461747573223A226F70656E222C227072696F72697479223A226C6F77222C22757365725F6964223A352C2261646D696E5F6964223A6E756C6C7D7D','2021-09-03 15:32:23','2021-09-03 15:32:23'),
	(151,'default','deleted','App\\SupportTicket',79,'App\\Admin',10,X'7B2261747472696275746573223A7B227469746C65223A2274657374206175746F6D6174696F6E222C22766961223A2277656273697465222C226F7065726174696E675F73797374656D223A6E756C6C2C22757365725F6167656E74223A224D6F7A696C6C615C2F352E3020284D6163696E746F73683B20496E74656C204D6163204F5320582031305F31355F3629204170706C655765624B69745C2F3630352E312E313520284B48544D4C2C206C696B65204765636B6F292056657273696F6E5C2F31342E302E33205361666172695C2F3630352E312E3135222C226465736372697074696F6E223A223C703E6173646661736466617364663C5C2F703E222C227375626A656374223A2274657374207362222C22737461747573223A226F70656E222C227072696F72697479223A226C6F77222C22757365725F6964223A352C2261646D696E5F6964223A6E756C6C7D7D','2021-09-03 15:35:22','2021-09-03 15:35:22'),
	(152,'default','created','App\\SupportTicket',80,'App\\User',5,X'7B2261747472696275746573223A7B227469746C65223A2274657374206175746F6D6174696F6E222C22766961223A2277656273697465222C226F7065726174696E675F73797374656D223A6E756C6C2C22757365725F6167656E74223A224D6F7A696C6C615C2F352E3020284D6163696E746F73683B20496E74656C204D6163204F5320582031305F31355F3629204170706C655765624B69745C2F3630352E312E313520284B48544D4C2C206C696B65204765636B6F292056657273696F6E5C2F31342E302E33205361666172695C2F3630352E312E3135222C226465736372697074696F6E223A223C703E61736466617364663C5C2F703E222C227375626A656374223A2274726565222C22737461747573223A226F70656E222C227072696F72697479223A226C6F77222C22757365725F6964223A352C2261646D696E5F6964223A6E756C6C7D7D','2021-09-03 15:35:24','2021-09-03 15:35:24'),
	(153,'default','created','App\\SupportTicket',81,'App\\User',5,X'7B2261747472696275746573223A7B227469746C65223A2274657374206175746F6D6174696F6E222C22766961223A2277656273697465222C226F7065726174696E675F73797374656D223A6E756C6C2C22757365725F6167656E74223A224D6F7A696C6C615C2F352E3020284D6163696E746F73683B20496E74656C204D6163204F5320582031305F31355F3629204170706C655765624B69745C2F3630352E312E313520284B48544D4C2C206C696B65204765636B6F292056657273696F6E5C2F31342E302E33205361666172695C2F3630352E312E3135222C226465736372697074696F6E223A223C703E61736466617364663C5C2F703E222C227375626A656374223A2274726565222C22737461747573223A226F70656E222C227072696F72697479223A226C6F77222C22757365725F6964223A352C2261646D696E5F6964223A6E756C6C7D7D','2021-09-03 16:12:07','2021-09-03 16:12:07'),
	(154,'default','created','App\\SupportTicket',82,'App\\User',5,X'7B2261747472696275746573223A7B227469746C65223A2274657374206175746F6D6174696F6E222C22766961223A2277656273697465222C226F7065726174696E675F73797374656D223A6E756C6C2C22757365725F6167656E74223A224D6F7A696C6C615C2F352E3020284D6163696E746F73683B20496E74656C204D6163204F5320582031305F31355F3629204170706C655765624B69745C2F3630352E312E313520284B48544D4C2C206C696B65204765636B6F292056657273696F6E5C2F31342E302E33205361666172695C2F3630352E312E3135222C226465736372697074696F6E223A223C703E61736466617364663C5C2F703E222C227375626A656374223A2274726565222C22737461747573223A226F70656E222C227072696F72697479223A226C6F77222C22757365725F6964223A352C2261646D696E5F6964223A6E756C6C7D7D','2021-09-03 16:13:21','2021-09-03 16:13:21'),
	(155,'default','created','App\\SupportTicket',83,'App\\User',5,X'7B2261747472696275746573223A7B227469746C65223A2274657374206175746F6D6174696F6E222C22766961223A2277656273697465222C226F7065726174696E675F73797374656D223A6E756C6C2C22757365725F6167656E74223A224D6F7A696C6C615C2F352E3020284D6163696E746F73683B20496E74656C204D6163204F5320582031305F31355F3629204170706C655765624B69745C2F3630352E312E313520284B48544D4C2C206C696B65204765636B6F292056657273696F6E5C2F31342E302E33205361666172695C2F3630352E312E3135222C226465736372697074696F6E223A223C703E61736466617364663C5C2F703E222C227375626A656374223A2274726565222C22737461747573223A226F70656E222C227072696F72697479223A226C6F77222C22757365725F6964223A352C2261646D696E5F6964223A6E756C6C7D7D','2021-09-03 16:13:36','2021-09-03 16:13:36'),
	(156,'default','updated','App\\SupportTicket',83,'App\\User',5,X'7B2261747472696275746573223A7B227469746C65223A2274657374206175746F6D6174696F6E222C22766961223A2277656273697465222C226F7065726174696E675F73797374656D223A6E756C6C2C22757365725F6167656E74223A224D6F7A696C6C615C2F352E3020284D6163696E746F73683B20496E74656C204D6163204F5320582031305F31355F3629204170706C655765624B69745C2F3630352E312E313520284B48544D4C2C206C696B65204765636B6F292056657273696F6E5C2F31342E302E33205361666172695C2F3630352E312E3135222C226465736372697074696F6E223A223C703E61736466617364663C5C2F703E222C227375626A656374223A2274726565222C22737461747573223A226F70656E222C227072696F72697479223A22757267656E74222C22757365725F6964223A352C2261646D696E5F6964223A6E756C6C7D2C226F6C64223A7B227469746C65223A2274657374206175746F6D6174696F6E222C22766961223A2277656273697465222C226F7065726174696E675F73797374656D223A6E756C6C2C22757365725F6167656E74223A224D6F7A696C6C615C2F352E3020284D6163696E746F73683B20496E74656C204D6163204F5320582031305F31355F3629204170706C655765624B69745C2F3630352E312E313520284B48544D4C2C206C696B65204765636B6F292056657273696F6E5C2F31342E302E33205361666172695C2F3630352E312E3135222C226465736372697074696F6E223A223C703E61736466617364663C5C2F703E222C227375626A656374223A2274726565222C22737461747573223A226F70656E222C227072696F72697479223A226C6F77222C22757365725F6964223A352C2261646D696E5F6964223A6E756C6C7D7D','2021-09-03 16:13:36','2021-09-03 16:13:36'),
	(157,'default','created','App\\SupportTicket',84,'App\\User',5,X'7B2261747472696275746573223A7B227469746C65223A2274657374206175746F6D6174696F6E20666F7220636F6E7461696E20636F6E646974696F6E222C22766961223A2277656273697465222C226F7065726174696E675F73797374656D223A6E756C6C2C22757365725F6167656E74223A224D6F7A696C6C615C2F352E3020284D6163696E746F73683B20496E74656C204D6163204F5320582031305F31355F3629204170706C655765624B69745C2F3630352E312E313520284B48544D4C2C206C696B65204765636B6F292056657273696F6E5C2F31342E302E33205361666172695C2F3630352E312E3135222C226465736372697074696F6E223A223C703E6173646661647366617364663C5C2F703E222C227375626A656374223A2274657374207362222C22737461747573223A226F70656E222C227072696F72697479223A22757267656E74222C22757365725F6964223A352C2261646D696E5F6964223A6E756C6C7D7D','2021-09-03 16:36:32','2021-09-03 16:36:32'),
	(158,'default','updated','App\\SupportTicket',84,'App\\User',5,X'7B2261747472696275746573223A7B227469746C65223A2274657374206175746F6D6174696F6E20666F7220636F6E7461696E20636F6E646974696F6E222C22766961223A2277656273697465222C226F7065726174696E675F73797374656D223A6E756C6C2C22757365725F6167656E74223A224D6F7A696C6C615C2F352E3020284D6163696E746F73683B20496E74656C204D6163204F5320582031305F31355F3629204170706C655765624B69745C2F3630352E312E313520284B48544D4C2C206C696B65204765636B6F292056657273696F6E5C2F31342E302E33205361666172695C2F3630352E312E3135222C226465736372697074696F6E223A223C703E6173646661647366617364663C5C2F703E222C227375626A656374223A2274657374207362222C22737461747573223A226F70656E222C227072696F72697479223A2268696768222C22757365725F6964223A352C2261646D696E5F6964223A6E756C6C7D2C226F6C64223A7B227469746C65223A2274657374206175746F6D6174696F6E20666F7220636F6E7461696E20636F6E646974696F6E222C22766961223A2277656273697465222C226F7065726174696E675F73797374656D223A6E756C6C2C22757365725F6167656E74223A224D6F7A696C6C615C2F352E3020284D6163696E746F73683B20496E74656C204D6163204F5320582031305F31355F3629204170706C655765624B69745C2F3630352E312E313520284B48544D4C2C206C696B65204765636B6F292056657273696F6E5C2F31342E302E33205361666172695C2F3630352E312E3135222C226465736372697074696F6E223A223C703E6173646661647366617364663C5C2F703E222C227375626A656374223A2274657374207362222C22737461747573223A226F70656E222C227072696F72697479223A22757267656E74222C22757365725F6964223A352C2261646D696E5F6964223A6E756C6C7D7D','2021-09-03 16:36:32','2021-09-03 16:36:32'),
	(159,'default','created','App\\SupportTicket',85,'App\\User',5,X'7B2261747472696275746573223A7B227469746C65223A2274657374207375626A656374222C22766961223A2277656273697465222C226F7065726174696E675F73797374656D223A6E756C6C2C22757365725F6167656E74223A224D6F7A696C6C615C2F352E3020284D6163696E746F73683B20496E74656C204D6163204F5320582031305F31355F3629204170706C655765624B69745C2F3630352E312E313520284B48544D4C2C206C696B65204765636B6F292056657273696F6E5C2F31342E302E33205361666172695C2F3630352E312E3135222C226465736372697074696F6E223A223C703E73736466617364663C5C2F703E222C227375626A656374223A227465737420737373222C22737461747573223A226F70656E222C227072696F72697479223A22757267656E74222C22757365725F6964223A352C2261646D696E5F6964223A6E756C6C7D7D','2021-09-03 16:37:20','2021-09-03 16:37:20'),
	(160,'default','deleted','App\\SupportTicket',85,'App\\Admin',10,X'7B2261747472696275746573223A7B227469746C65223A2274657374207375626A656374222C22766961223A2277656273697465222C226F7065726174696E675F73797374656D223A6E756C6C2C22757365725F6167656E74223A224D6F7A696C6C615C2F352E3020284D6163696E746F73683B20496E74656C204D6163204F5320582031305F31355F3629204170706C655765624B69745C2F3630352E312E313520284B48544D4C2C206C696B65204765636B6F292056657273696F6E5C2F31342E302E33205361666172695C2F3630352E312E3135222C226465736372697074696F6E223A223C703E73736466617364663C5C2F703E222C227375626A656374223A227465737420737373222C22737461747573223A226F70656E222C227072696F72697479223A22757267656E74222C22757365725F6964223A352C2261646D696E5F6964223A6E756C6C7D7D','2021-09-03 16:39:55','2021-09-03 16:39:55'),
	(161,'default','created','App\\SupportTicket',86,'App\\User',5,X'7B2261747472696275746573223A7B227469746C65223A226E6F7220736572766E616D652070726F76696465642C206F72206E6F74206B6E6F776E222C22766961223A2277656273697465222C226F7065726174696E675F73797374656D223A6E756C6C2C22757365725F6167656E74223A224D6F7A696C6C615C2F352E3020284D6163696E746F73683B20496E74656C204D6163204F5320582031305F31355F3629204170706C655765624B69745C2F3630352E312E313520284B48544D4C2C206C696B65204765636B6F292056657273696F6E5C2F31342E302E33205361666172695C2F3630352E312E3135222C226465736372697074696F6E223A223C703E73616466647366736461666466733C5C2F703E222C227375626A656374223A2274657374207373732020736572766E616D652070726F7669646564222C22737461747573223A226F70656E222C227072696F72697479223A22757267656E74222C22757365725F6964223A352C2261646D696E5F6964223A6E756C6C7D7D','2021-09-03 16:40:16','2021-09-03 16:40:16'),
	(162,'default','updated','App\\SupportTicket',86,'App\\User',5,X'7B2261747472696275746573223A7B227469746C65223A226E6F7220736572766E616D652070726F76696465642C206F72206E6F74206B6E6F776E222C22766961223A2277656273697465222C226F7065726174696E675F73797374656D223A6E756C6C2C22757365725F6167656E74223A224D6F7A696C6C615C2F352E3020284D6163696E746F73683B20496E74656C204D6163204F5320582031305F31355F3629204170706C655765624B69745C2F3630352E312E313520284B48544D4C2C206C696B65204765636B6F292056657273696F6E5C2F31342E302E33205361666172695C2F3630352E312E3135222C226465736372697074696F6E223A223C703E73616466647366736461666466733C5C2F703E222C227375626A656374223A2274657374207373732020736572766E616D652070726F7669646564222C22737461747573223A226F70656E222C227072696F72697479223A226C6F77222C22757365725F6964223A352C2261646D696E5F6964223A6E756C6C7D2C226F6C64223A7B227469746C65223A226E6F7220736572766E616D652070726F76696465642C206F72206E6F74206B6E6F776E222C22766961223A2277656273697465222C226F7065726174696E675F73797374656D223A6E756C6C2C22757365725F6167656E74223A224D6F7A696C6C615C2F352E3020284D6163696E746F73683B20496E74656C204D6163204F5320582031305F31355F3629204170706C655765624B69745C2F3630352E312E313520284B48544D4C2C206C696B65204765636B6F292056657273696F6E5C2F31342E302E33205361666172695C2F3630352E312E3135222C226465736372697074696F6E223A223C703E73616466647366736461666466733C5C2F703E222C227375626A656374223A2274657374207373732020736572766E616D652070726F7669646564222C22737461747573223A226F70656E222C227072696F72697479223A22757267656E74222C22757365725F6964223A352C2261646D696E5F6964223A6E756C6C7D7D','2021-09-03 16:40:16','2021-09-03 16:40:16'),
	(163,'default','created','App\\SupportTicket',87,'App\\User',5,X'7B2261747472696275746573223A7B227469746C65223A226F75747075742069732067756172616E7465656420746F20706572666563746C792066696C6C20656D7074792073706163652E222C22766961223A2277656273697465222C226F7065726174696E675F73797374656D223A6E756C6C2C22757365725F6167656E74223A224D6F7A696C6C615C2F352E3020284D6163696E746F73683B20496E74656C204D6163204F5320582031305F31355F3629204170706C655765624B69745C2F3630352E312E313520284B48544D4C2C206C696B65204765636B6F292056657273696F6E5C2F31342E302E33205361666172695C2F3630352E312E3135222C226465736372697074696F6E223A223C703E3C7370616E207374796C653D5C22636F6C6F723A2072676228302C20302C2030293B20666F6E742D66616D696C793A20636F6D69635765622C2056657264616E612C2073616E732D73657269663B20666F6E742D73697A653A20323370783B20666F6E742D76617269616E742D6C69676174757265733A206E6F726D616C3B206F727068616E733A20323B207769646F77733A20323B206261636B67726F756E642D636F6C6F723A207267622833322C2033322C203332293B20746578742D6465636F726174696F6E2D746869636B6E6573733A20696E697469616C3B5C223E5469726564206F66207573696E67206C6F72656D20697073756D206F72206B6579626F6172642D6D617368696E6720666F7220706C616365686F6C64657220746578743F3C5C2F7370616E3E3C6272207374796C653D5C226D617267696E3A203070783B2070616464696E673A203070783B20636F6C6F723A2072676228302C20302C2030293B20666F6E742D66616D696C793A20636F6D69635765622C2056657264616E612C2073616E732D73657269663B20666F6E742D73697A653A20323370783B20666F6E742D76617269616E742D6C69676174757265733A206E6F726D616C3B206F727068616E733A20323B207769646F77733A20323B206261636B67726F756E642D636F6C6F723A207267622833322C2033322C203332293B20746578742D6465636F726174696F6E2D746869636B6E6573733A20696E697469616C3B5C223E3C7370616E207374796C653D5C22636F6C6F723A2072676228302C20302C2030293B20666F6E742D66616D696C793A20636F6D69635765622C2056657264616E612C2073616E732D73657269663B20666F6E742D73697A653A20323370783B20666F6E742D76617269616E742D6C69676174757265733A206E6F726D616C3B206F727068616E733A20323B207769646F77733A20323B206261636B67726F756E642D636F6C6F723A207267622833322C2033322C203332293B20746578742D6465636F726174696F6E2D746869636B6E6573733A20696E697469616C3B5C223E4275696C74207769746820746865206C6174657374266E6273703B3C5C2F7370616E3E3C7374726F6E67207374796C653D5C226D617267696E3A203070783B2070616464696E673A203070783B20666F6E742D7765696768743A20626F6C643B20666F6E742D73697A653A20302E393235656D3B20636F6C6F723A2072676228302C20302C2030293B20666F6E742D66616D696C793A20636F6D69635765622C2056657264616E612C2073616E732D73657269663B20666F6E742D76617269616E742D6C69676174757265733A206E6F726D616C3B206F727068616E733A20323B207769646F77733A20323B206261636B67726F756E642D636F6C6F723A207267622833322C2033322C203332293B20746578742D6465636F726174696F6E2D746869636B6E6573733A20696E697469616C3B5C223E6D616368696E65206C6561726E696E6720616E64206172746966696369616C20696E74656C6C6967656E636520746563686E6F6C6F67793C5C2F7374726F6E673E3C7370616E207374796C653D5C22636F6C6F723A2072676228302C20302C2030293B20666F6E742D66616D696C793A20636F6D69635765622C2056657264616E612C2073616E732D73657269663B20666F6E742D73697A653A20323370783B20666F6E742D76617269616E742D6C69676174757265733A206E6F726D616C3B206F727068616E733A20323B207769646F77733A20323B206261636B67726F756E642D636F6C6F723A207267622833322C2033322C203332293B20746578742D6465636F726174696F6E2D746869636B6E6573733A20696E697469616C3B5C223E2C207468697320746F6F6C5C753230313973206F75747075742069732067756172616E7465656420746F20706572666563746C792066696C6C20656D7074792073706163652E3C5C2F7370616E3E3C62723E3C5C2F703E222C227375626A656374223A22746869732069732074657374206175746F6D6174696F6E207375626A656374222C22737461747573223A226F70656E222C227072696F72697479223A2268696768222C22757365725F6964223A352C2261646D696E5F6964223A6E756C6C7D7D','2021-09-03 19:00:34','2021-09-03 19:00:34'),
	(164,'default','updated','App\\SupportTicket',87,'App\\User',5,X'7B2261747472696275746573223A7B227469746C65223A226F75747075742069732067756172616E7465656420746F20706572666563746C792066696C6C20656D7074792073706163652E222C22766961223A2277656273697465222C226F7065726174696E675F73797374656D223A6E756C6C2C22757365725F6167656E74223A224D6F7A696C6C615C2F352E3020284D6163696E746F73683B20496E74656C204D6163204F5320582031305F31355F3629204170706C655765624B69745C2F3630352E312E313520284B48544D4C2C206C696B65204765636B6F292056657273696F6E5C2F31342E302E33205361666172695C2F3630352E312E3135222C226465736372697074696F6E223A223C703E3C7370616E207374796C653D5C22636F6C6F723A2072676228302C20302C2030293B20666F6E742D66616D696C793A20636F6D69635765622C2056657264616E612C2073616E732D73657269663B20666F6E742D73697A653A20323370783B20666F6E742D76617269616E742D6C69676174757265733A206E6F726D616C3B206F727068616E733A20323B207769646F77733A20323B206261636B67726F756E642D636F6C6F723A207267622833322C2033322C203332293B20746578742D6465636F726174696F6E2D746869636B6E6573733A20696E697469616C3B5C223E5469726564206F66207573696E67206C6F72656D20697073756D206F72206B6579626F6172642D6D617368696E6720666F7220706C616365686F6C64657220746578743F3C5C2F7370616E3E3C6272207374796C653D5C226D617267696E3A203070783B2070616464696E673A203070783B20636F6C6F723A2072676228302C20302C2030293B20666F6E742D66616D696C793A20636F6D69635765622C2056657264616E612C2073616E732D73657269663B20666F6E742D73697A653A20323370783B20666F6E742D76617269616E742D6C69676174757265733A206E6F726D616C3B206F727068616E733A20323B207769646F77733A20323B206261636B67726F756E642D636F6C6F723A207267622833322C2033322C203332293B20746578742D6465636F726174696F6E2D746869636B6E6573733A20696E697469616C3B5C223E3C7370616E207374796C653D5C22636F6C6F723A2072676228302C20302C2030293B20666F6E742D66616D696C793A20636F6D69635765622C2056657264616E612C2073616E732D73657269663B20666F6E742D73697A653A20323370783B20666F6E742D76617269616E742D6C69676174757265733A206E6F726D616C3B206F727068616E733A20323B207769646F77733A20323B206261636B67726F756E642D636F6C6F723A207267622833322C2033322C203332293B20746578742D6465636F726174696F6E2D746869636B6E6573733A20696E697469616C3B5C223E4275696C74207769746820746865206C6174657374266E6273703B3C5C2F7370616E3E3C7374726F6E67207374796C653D5C226D617267696E3A203070783B2070616464696E673A203070783B20666F6E742D7765696768743A20626F6C643B20666F6E742D73697A653A20302E393235656D3B20636F6C6F723A2072676228302C20302C2030293B20666F6E742D66616D696C793A20636F6D69635765622C2056657264616E612C2073616E732D73657269663B20666F6E742D76617269616E742D6C69676174757265733A206E6F726D616C3B206F727068616E733A20323B207769646F77733A20323B206261636B67726F756E642D636F6C6F723A207267622833322C2033322C203332293B20746578742D6465636F726174696F6E2D746869636B6E6573733A20696E697469616C3B5C223E6D616368696E65206C6561726E696E6720616E64206172746966696369616C20696E74656C6C6967656E636520746563686E6F6C6F67793C5C2F7374726F6E673E3C7370616E207374796C653D5C22636F6C6F723A2072676228302C20302C2030293B20666F6E742D66616D696C793A20636F6D69635765622C2056657264616E612C2073616E732D73657269663B20666F6E742D73697A653A20323370783B20666F6E742D76617269616E742D6C69676174757265733A206E6F726D616C3B206F727068616E733A20323B207769646F77733A20323B206261636B67726F756E642D636F6C6F723A207267622833322C2033322C203332293B20746578742D6465636F726174696F6E2D746869636B6E6573733A20696E697469616C3B5C223E2C207468697320746F6F6C5C753230313973206F75747075742069732067756172616E7465656420746F20706572666563746C792066696C6C20656D7074792073706163652E3C5C2F7370616E3E3C62723E3C5C2F703E222C227375626A656374223A22746869732069732074657374206175746F6D6174696F6E207375626A656374222C22737461747573223A226F70656E222C227072696F72697479223A22757267656E74222C22757365725F6964223A352C2261646D696E5F6964223A6E756C6C7D2C226F6C64223A7B227469746C65223A226F75747075742069732067756172616E7465656420746F20706572666563746C792066696C6C20656D7074792073706163652E222C22766961223A2277656273697465222C226F7065726174696E675F73797374656D223A6E756C6C2C22757365725F6167656E74223A224D6F7A696C6C615C2F352E3020284D6163696E746F73683B20496E74656C204D6163204F5320582031305F31355F3629204170706C655765624B69745C2F3630352E312E313520284B48544D4C2C206C696B65204765636B6F292056657273696F6E5C2F31342E302E33205361666172695C2F3630352E312E3135222C226465736372697074696F6E223A223C703E3C7370616E207374796C653D5C22636F6C6F723A2072676228302C20302C2030293B20666F6E742D66616D696C793A20636F6D69635765622C2056657264616E612C2073616E732D73657269663B20666F6E742D73697A653A20323370783B20666F6E742D76617269616E742D6C69676174757265733A206E6F726D616C3B206F727068616E733A20323B207769646F77733A20323B206261636B67726F756E642D636F6C6F723A207267622833322C2033322C203332293B20746578742D6465636F726174696F6E2D746869636B6E6573733A20696E697469616C3B5C223E5469726564206F66207573696E67206C6F72656D20697073756D206F72206B6579626F6172642D6D617368696E6720666F7220706C616365686F6C64657220746578743F3C5C2F7370616E3E3C6272207374796C653D5C226D617267696E3A203070783B2070616464696E673A203070783B20636F6C6F723A2072676228302C20302C2030293B20666F6E742D66616D696C793A20636F6D69635765622C2056657264616E612C2073616E732D73657269663B20666F6E742D73697A653A20323370783B20666F6E742D76617269616E742D6C69676174757265733A206E6F726D616C3B206F727068616E733A20323B207769646F77733A20323B206261636B67726F756E642D636F6C6F723A207267622833322C2033322C203332293B20746578742D6465636F726174696F6E2D746869636B6E6573733A20696E697469616C3B5C223E3C7370616E207374796C653D5C22636F6C6F723A2072676228302C20302C2030293B20666F6E742D66616D696C793A20636F6D69635765622C2056657264616E612C2073616E732D73657269663B20666F6E742D73697A653A20323370783B20666F6E742D76617269616E742D6C69676174757265733A206E6F726D616C3B206F727068616E733A20323B207769646F77733A20323B206261636B67726F756E642D636F6C6F723A207267622833322C2033322C203332293B20746578742D6465636F726174696F6E2D746869636B6E6573733A20696E697469616C3B5C223E4275696C74207769746820746865206C6174657374266E6273703B3C5C2F7370616E3E3C7374726F6E67207374796C653D5C226D617267696E3A203070783B2070616464696E673A203070783B20666F6E742D7765696768743A20626F6C643B20666F6E742D73697A653A20302E393235656D3B20636F6C6F723A2072676228302C20302C2030293B20666F6E742D66616D696C793A20636F6D69635765622C2056657264616E612C2073616E732D73657269663B20666F6E742D76617269616E742D6C69676174757265733A206E6F726D616C3B206F727068616E733A20323B207769646F77733A20323B206261636B67726F756E642D636F6C6F723A207267622833322C2033322C203332293B20746578742D6465636F726174696F6E2D746869636B6E6573733A20696E697469616C3B5C223E6D616368696E65206C6561726E696E6720616E64206172746966696369616C20696E74656C6C6967656E636520746563686E6F6C6F67793C5C2F7374726F6E673E3C7370616E207374796C653D5C22636F6C6F723A2072676228302C20302C2030293B20666F6E742D66616D696C793A20636F6D69635765622C2056657264616E612C2073616E732D73657269663B20666F6E742D73697A653A20323370783B20666F6E742D76617269616E742D6C69676174757265733A206E6F726D616C3B206F727068616E733A20323B207769646F77733A20323B206261636B67726F756E642D636F6C6F723A207267622833322C2033322C203332293B20746578742D6465636F726174696F6E2D746869636B6E6573733A20696E697469616C3B5C223E2C207468697320746F6F6C5C753230313973206F75747075742069732067756172616E7465656420746F20706572666563746C792066696C6C20656D7074792073706163652E3C5C2F7370616E3E3C62723E3C5C2F703E222C227375626A656374223A22746869732069732074657374206175746F6D6174696F6E207375626A656374222C22737461747573223A226F70656E222C227072696F72697479223A2268696768222C22757365725F6964223A352C2261646D696E5F6964223A6E756C6C7D7D','2021-09-03 19:00:34','2021-09-03 19:00:34'),
	(165,'default','created','App\\SupportTicket',88,'App\\User',5,X'7B2261747472696275746573223A7B227469746C65223A226F75747075742069732067756172616E7465656420746F20706572666563746C792066696C6C20656D7074792073706163652E222C22766961223A2277656273697465222C226F7065726174696E675F73797374656D223A6E756C6C2C22757365725F6167656E74223A224D6F7A696C6C615C2F352E3020284D6163696E746F73683B20496E74656C204D6163204F5320582031305F31355F3629204170706C655765624B69745C2F3630352E312E313520284B48544D4C2C206C696B65204765636B6F292056657273696F6E5C2F31342E302E33205361666172695C2F3630352E312E3135222C226465736372697074696F6E223A223C703E3C7370616E207374796C653D5C22636F6C6F723A2072676228302C20302C2030293B20666F6E742D66616D696C793A20636F6D69635765622C2056657264616E612C2073616E732D73657269663B20666F6E742D73697A653A20323370783B20666F6E742D76617269616E742D6C69676174757265733A206E6F726D616C3B206F727068616E733A20323B207769646F77733A20323B206261636B67726F756E642D636F6C6F723A207267622833322C2033322C203332293B20746578742D6465636F726174696F6E2D746869636B6E6573733A20696E697469616C3B5C223E5469726564206F66207573696E67206C6F72656D20697073756D206F72206B6579626F6172642D6D617368696E6720666F7220706C616365686F6C64657220746578743F3C5C2F7370616E3E3C6272207374796C653D5C226D617267696E3A203070783B2070616464696E673A203070783B20636F6C6F723A2072676228302C20302C2030293B20666F6E742D66616D696C793A20636F6D69635765622C2056657264616E612C2073616E732D73657269663B20666F6E742D73697A653A20323370783B20666F6E742D76617269616E742D6C69676174757265733A206E6F726D616C3B206F727068616E733A20323B207769646F77733A20323B206261636B67726F756E642D636F6C6F723A207267622833322C2033322C203332293B20746578742D6465636F726174696F6E2D746869636B6E6573733A20696E697469616C3B5C223E3C7370616E207374796C653D5C22636F6C6F723A2072676228302C20302C2030293B20666F6E742D66616D696C793A20636F6D69635765622C2056657264616E612C2073616E732D73657269663B20666F6E742D73697A653A20323370783B20666F6E742D76617269616E742D6C69676174757265733A206E6F726D616C3B206F727068616E733A20323B207769646F77733A20323B206261636B67726F756E642D636F6C6F723A207267622833322C2033322C203332293B20746578742D6465636F726174696F6E2D746869636B6E6573733A20696E697469616C3B5C223E4275696C74207769746820746865206C6174657374266E6273703B3C5C2F7370616E3E3C7374726F6E67207374796C653D5C226D617267696E3A203070783B2070616464696E673A203070783B20666F6E742D7765696768743A20626F6C643B20666F6E742D73697A653A20302E393235656D3B20636F6C6F723A2072676228302C20302C2030293B20666F6E742D66616D696C793A20636F6D69635765622C2056657264616E612C2073616E732D73657269663B20666F6E742D76617269616E742D6C69676174757265733A206E6F726D616C3B206F727068616E733A20323B207769646F77733A20323B206261636B67726F756E642D636F6C6F723A207267622833322C2033322C203332293B20746578742D6465636F726174696F6E2D746869636B6E6573733A20696E697469616C3B5C223E6D616368696E65206C6561726E696E6720616E64206172746966696369616C20696E74656C6C6967656E636520746563686E6F6C6F67793C5C2F7374726F6E673E3C7370616E207374796C653D5C22636F6C6F723A2072676228302C20302C2030293B20666F6E742D66616D696C793A20636F6D69635765622C2056657264616E612C2073616E732D73657269663B20666F6E742D73697A653A20323370783B20666F6E742D76617269616E742D6C69676174757265733A206E6F726D616C3B206F727068616E733A20323B207769646F77733A20323B206261636B67726F756E642D636F6C6F723A207267622833322C2033322C203332293B20746578742D6465636F726174696F6E2D746869636B6E6573733A20696E697469616C3B5C223E2C207468697320746F6F6C5C753230313973206F75747075742069732067756172616E7465656420746F20706572666563746C792066696C6C20656D7074792073706163652E3C5C2F7370616E3E3C62723E3C5C2F703E222C227375626A656374223A22746869732069732074657374206175746F6D6174696F6E207375626A656374222C22737461747573223A226F70656E222C227072696F72697479223A2268696768222C22757365725F6964223A352C2261646D696E5F6964223A6E756C6C7D7D','2021-09-03 19:01:18','2021-09-03 19:01:18'),
	(166,'default','updated','App\\SupportTicket',88,'App\\User',5,X'7B2261747472696275746573223A7B227469746C65223A226F75747075742069732067756172616E7465656420746F20706572666563746C792066696C6C20656D7074792073706163652E222C22766961223A2277656273697465222C226F7065726174696E675F73797374656D223A6E756C6C2C22757365725F6167656E74223A224D6F7A696C6C615C2F352E3020284D6163696E746F73683B20496E74656C204D6163204F5320582031305F31355F3629204170706C655765624B69745C2F3630352E312E313520284B48544D4C2C206C696B65204765636B6F292056657273696F6E5C2F31342E302E33205361666172695C2F3630352E312E3135222C226465736372697074696F6E223A223C703E3C7370616E207374796C653D5C22636F6C6F723A2072676228302C20302C2030293B20666F6E742D66616D696C793A20636F6D69635765622C2056657264616E612C2073616E732D73657269663B20666F6E742D73697A653A20323370783B20666F6E742D76617269616E742D6C69676174757265733A206E6F726D616C3B206F727068616E733A20323B207769646F77733A20323B206261636B67726F756E642D636F6C6F723A207267622833322C2033322C203332293B20746578742D6465636F726174696F6E2D746869636B6E6573733A20696E697469616C3B5C223E5469726564206F66207573696E67206C6F72656D20697073756D206F72206B6579626F6172642D6D617368696E6720666F7220706C616365686F6C64657220746578743F3C5C2F7370616E3E3C6272207374796C653D5C226D617267696E3A203070783B2070616464696E673A203070783B20636F6C6F723A2072676228302C20302C2030293B20666F6E742D66616D696C793A20636F6D69635765622C2056657264616E612C2073616E732D73657269663B20666F6E742D73697A653A20323370783B20666F6E742D76617269616E742D6C69676174757265733A206E6F726D616C3B206F727068616E733A20323B207769646F77733A20323B206261636B67726F756E642D636F6C6F723A207267622833322C2033322C203332293B20746578742D6465636F726174696F6E2D746869636B6E6573733A20696E697469616C3B5C223E3C7370616E207374796C653D5C22636F6C6F723A2072676228302C20302C2030293B20666F6E742D66616D696C793A20636F6D69635765622C2056657264616E612C2073616E732D73657269663B20666F6E742D73697A653A20323370783B20666F6E742D76617269616E742D6C69676174757265733A206E6F726D616C3B206F727068616E733A20323B207769646F77733A20323B206261636B67726F756E642D636F6C6F723A207267622833322C2033322C203332293B20746578742D6465636F726174696F6E2D746869636B6E6573733A20696E697469616C3B5C223E4275696C74207769746820746865206C6174657374266E6273703B3C5C2F7370616E3E3C7374726F6E67207374796C653D5C226D617267696E3A203070783B2070616464696E673A203070783B20666F6E742D7765696768743A20626F6C643B20666F6E742D73697A653A20302E393235656D3B20636F6C6F723A2072676228302C20302C2030293B20666F6E742D66616D696C793A20636F6D69635765622C2056657264616E612C2073616E732D73657269663B20666F6E742D76617269616E742D6C69676174757265733A206E6F726D616C3B206F727068616E733A20323B207769646F77733A20323B206261636B67726F756E642D636F6C6F723A207267622833322C2033322C203332293B20746578742D6465636F726174696F6E2D746869636B6E6573733A20696E697469616C3B5C223E6D616368696E65206C6561726E696E6720616E64206172746966696369616C20696E74656C6C6967656E636520746563686E6F6C6F67793C5C2F7374726F6E673E3C7370616E207374796C653D5C22636F6C6F723A2072676228302C20302C2030293B20666F6E742D66616D696C793A20636F6D69635765622C2056657264616E612C2073616E732D73657269663B20666F6E742D73697A653A20323370783B20666F6E742D76617269616E742D6C69676174757265733A206E6F726D616C3B206F727068616E733A20323B207769646F77733A20323B206261636B67726F756E642D636F6C6F723A207267622833322C2033322C203332293B20746578742D6465636F726174696F6E2D746869636B6E6573733A20696E697469616C3B5C223E2C207468697320746F6F6C5C753230313973206F75747075742069732067756172616E7465656420746F20706572666563746C792066696C6C20656D7074792073706163652E3C5C2F7370616E3E3C62723E3C5C2F703E222C227375626A656374223A22746869732069732074657374206175746F6D6174696F6E207375626A656374222C22737461747573223A226F70656E222C227072696F72697479223A22757267656E74222C22757365725F6964223A352C2261646D696E5F6964223A6E756C6C7D2C226F6C64223A7B227469746C65223A226F75747075742069732067756172616E7465656420746F20706572666563746C792066696C6C20656D7074792073706163652E222C22766961223A2277656273697465222C226F7065726174696E675F73797374656D223A6E756C6C2C22757365725F6167656E74223A224D6F7A696C6C615C2F352E3020284D6163696E746F73683B20496E74656C204D6163204F5320582031305F31355F3629204170706C655765624B69745C2F3630352E312E313520284B48544D4C2C206C696B65204765636B6F292056657273696F6E5C2F31342E302E33205361666172695C2F3630352E312E3135222C226465736372697074696F6E223A223C703E3C7370616E207374796C653D5C22636F6C6F723A2072676228302C20302C2030293B20666F6E742D66616D696C793A20636F6D69635765622C2056657264616E612C2073616E732D73657269663B20666F6E742D73697A653A20323370783B20666F6E742D76617269616E742D6C69676174757265733A206E6F726D616C3B206F727068616E733A20323B207769646F77733A20323B206261636B67726F756E642D636F6C6F723A207267622833322C2033322C203332293B20746578742D6465636F726174696F6E2D746869636B6E6573733A20696E697469616C3B5C223E5469726564206F66207573696E67206C6F72656D20697073756D206F72206B6579626F6172642D6D617368696E6720666F7220706C616365686F6C64657220746578743F3C5C2F7370616E3E3C6272207374796C653D5C226D617267696E3A203070783B2070616464696E673A203070783B20636F6C6F723A2072676228302C20302C2030293B20666F6E742D66616D696C793A20636F6D69635765622C2056657264616E612C2073616E732D73657269663B20666F6E742D73697A653A20323370783B20666F6E742D76617269616E742D6C69676174757265733A206E6F726D616C3B206F727068616E733A20323B207769646F77733A20323B206261636B67726F756E642D636F6C6F723A207267622833322C2033322C203332293B20746578742D6465636F726174696F6E2D746869636B6E6573733A20696E697469616C3B5C223E3C7370616E207374796C653D5C22636F6C6F723A2072676228302C20302C2030293B20666F6E742D66616D696C793A20636F6D69635765622C2056657264616E612C2073616E732D73657269663B20666F6E742D73697A653A20323370783B20666F6E742D76617269616E742D6C69676174757265733A206E6F726D616C3B206F727068616E733A20323B207769646F77733A20323B206261636B67726F756E642D636F6C6F723A207267622833322C2033322C203332293B20746578742D6465636F726174696F6E2D746869636B6E6573733A20696E697469616C3B5C223E4275696C74207769746820746865206C6174657374266E6273703B3C5C2F7370616E3E3C7374726F6E67207374796C653D5C226D617267696E3A203070783B2070616464696E673A203070783B20666F6E742D7765696768743A20626F6C643B20666F6E742D73697A653A20302E393235656D3B20636F6C6F723A2072676228302C20302C2030293B20666F6E742D66616D696C793A20636F6D69635765622C2056657264616E612C2073616E732D73657269663B20666F6E742D76617269616E742D6C69676174757265733A206E6F726D616C3B206F727068616E733A20323B207769646F77733A20323B206261636B67726F756E642D636F6C6F723A207267622833322C2033322C203332293B20746578742D6465636F726174696F6E2D746869636B6E6573733A20696E697469616C3B5C223E6D616368696E65206C6561726E696E6720616E64206172746966696369616C20696E74656C6C6967656E636520746563686E6F6C6F67793C5C2F7374726F6E673E3C7370616E207374796C653D5C22636F6C6F723A2072676228302C20302C2030293B20666F6E742D66616D696C793A20636F6D69635765622C2056657264616E612C2073616E732D73657269663B20666F6E742D73697A653A20323370783B20666F6E742D76617269616E742D6C69676174757265733A206E6F726D616C3B206F727068616E733A20323B207769646F77733A20323B206261636B67726F756E642D636F6C6F723A207267622833322C2033322C203332293B20746578742D6465636F726174696F6E2D746869636B6E6573733A20696E697469616C3B5C223E2C207468697320746F6F6C5C753230313973206F75747075742069732067756172616E7465656420746F20706572666563746C792066696C6C20656D7074792073706163652E3C5C2F7370616E3E3C62723E3C5C2F703E222C227375626A656374223A22746869732069732074657374206175746F6D6174696F6E207375626A656374222C22737461747573223A226F70656E222C227072696F72697479223A2268696768222C22757365725F6964223A352C2261646D696E5F6964223A6E756C6C7D7D','2021-09-03 19:01:18','2021-09-03 19:01:18'),
	(167,'default','created','App\\SupportTicket',89,'App\\User',5,X'7B2261747472696275746573223A7B227469746C65223A22686561666461736466222C22766961223A2277656273697465222C226F7065726174696E675F73797374656D223A6E756C6C2C22757365725F6167656E74223A224D6F7A696C6C615C2F352E3020284D6163696E746F73683B20496E74656C204D6163204F5320582031305F31355F3629204170706C655765624B69745C2F3630352E312E313520284B48544D4C2C206C696B65204765636B6F292056657273696F6E5C2F31342E302E33205361666172695C2F3630352E312E3135222C226465736372697074696F6E223A223C703E61736466616473663C5C2F703E222C227375626A656374223A2274657374222C22737461747573223A226F70656E222C227072696F72697479223A226C6F77222C22757365725F6964223A352C2261646D696E5F6964223A6E756C6C7D7D','2021-09-03 19:03:18','2021-09-03 19:03:18'),
	(168,'default','updated','App\\SupportTicket',89,'App\\User',5,X'7B2261747472696275746573223A7B227469746C65223A22686561666461736466222C22766961223A2277656273697465222C226F7065726174696E675F73797374656D223A6E756C6C2C22757365725F6167656E74223A224D6F7A696C6C615C2F352E3020284D6163696E746F73683B20496E74656C204D6163204F5320582031305F31355F3629204170706C655765624B69745C2F3630352E312E313520284B48544D4C2C206C696B65204765636B6F292056657273696F6E5C2F31342E302E33205361666172695C2F3630352E312E3135222C226465736372697074696F6E223A223C703E61736466616473663C5C2F703E222C227375626A656374223A2274657374222C22737461747573223A226F70656E222C227072696F72697479223A22757267656E74222C22757365725F6964223A352C2261646D696E5F6964223A6E756C6C7D2C226F6C64223A7B227469746C65223A22686561666461736466222C22766961223A2277656273697465222C226F7065726174696E675F73797374656D223A6E756C6C2C22757365725F6167656E74223A224D6F7A696C6C615C2F352E3020284D6163696E746F73683B20496E74656C204D6163204F5320582031305F31355F3629204170706C655765624B69745C2F3630352E312E313520284B48544D4C2C206C696B65204765636B6F292056657273696F6E5C2F31342E302E33205361666172695C2F3630352E312E3135222C226465736372697074696F6E223A223C703E61736466616473663C5C2F703E222C227375626A656374223A2274657374222C22737461747573223A226F70656E222C227072696F72697479223A226C6F77222C22757365725F6964223A352C2261646D696E5F6964223A6E756C6C7D7D','2021-09-03 19:03:18','2021-09-03 19:03:18');

/*!40000 ALTER TABLE `activity_log` ENABLE KEYS */;
UNLOCK TABLES;


# Dump of table admin_roles
# ------------------------------------------------------------

DROP TABLE IF EXISTS `admin_roles`;

CREATE TABLE `admin_roles` (
  `id` bigint(20) unsigned NOT NULL AUTO_INCREMENT,
  `name` varchar(191) COLLATE utf8mb4_unicode_ci NOT NULL,
  `permission` longtext COLLATE utf8mb4_unicode_ci NOT NULL,
  `created_at` timestamp NULL DEFAULT NULL,
  `updated_at` timestamp NULL DEFAULT NULL,
  PRIMARY KEY (`id`)
) ENGINE=InnoDB DEFAULT CHARSET=utf8mb4 COLLATE=utf8mb4_unicode_ci;

LOCK TABLES `admin_roles` WRITE;
/*!40000 ALTER TABLE `admin_roles` DISABLE KEYS */;

INSERT INTO `admin_roles` (`id`, `name`, `permission`, `created_at`, `updated_at`)
VALUES
	(1,'Super Admin','','2021-08-03 01:00:00',NULL),
	(2,'Admin','',NULL,NULL),
	(3,'Editor','','2021-08-03 03:06:00',NULL);

/*!40000 ALTER TABLE `admin_roles` ENABLE KEYS */;
UNLOCK TABLES;


# Dump of table admins
# ------------------------------------------------------------

DROP TABLE IF EXISTS `admins`;

CREATE TABLE `admins` (
  `id` bigint(20) unsigned NOT NULL AUTO_INCREMENT,
  `name` varchar(191) COLLATE utf8mb4_unicode_ci NOT NULL,
  `username` varchar(191) COLLATE utf8mb4_unicode_ci NOT NULL,
  `email` varchar(191) COLLATE utf8mb4_unicode_ci NOT NULL,
  `email_verified` int(10) unsigned NOT NULL DEFAULT '0',
  `role` varchar(191) COLLATE utf8mb4_unicode_ci NOT NULL DEFAULT 'editor',
  `image` varchar(191) COLLATE utf8mb4_unicode_ci DEFAULT NULL,
  `password` varchar(191) COLLATE utf8mb4_unicode_ci NOT NULL,
  `remember_token` varchar(100) COLLATE utf8mb4_unicode_ci DEFAULT NULL,
  `created_at` timestamp NULL DEFAULT NULL,
  `updated_at` timestamp NULL DEFAULT NULL,
  PRIMARY KEY (`id`),
  UNIQUE KEY `admins_username_unique` (`username`)
) ENGINE=InnoDB DEFAULT CHARSET=utf8mb4 COLLATE=utf8mb4_unicode_ci;

LOCK TABLES `admins` WRITE;
/*!40000 ALTER TABLE `admins` DISABLE KEYS */;

INSERT INTO `admins` (`id`, `name`, `username`, `email`, `email_verified`, `role`, `image`, `password`, `remember_token`, `created_at`, `updated_at`)
VALUES
	(10,'Al Ahsan','super_admin','testxgenious@gmail.com',1,'super_admin','36','$2y$12$JR4p8fV5PmglQW7OepPe3.5dpmeLhSB7nLxh.eFvDfGOVASzvpjg2','xxZK7vReuIJmVPFlQhzLVv6SQqn2EfdZ5kjEOCdroBt7zUQu5fjMwdOpJRLn',NULL,'2021-08-14 05:03:17'),
	(12,'Test Admin','admin','sopnilsohan04@gmail.com',1,'admin','36','$2y$10$zp0gE3wn7Y3eeL0PlM04jObsxgx68ryJKfUbSeJXy91poTbYTS0c6','fIXdmSaOiCTUJ86oSwNbl9MgCk1rySabDUbp9zsrxR6KmybhYe3ZVD9a2Mtq','2021-07-18 09:40:53','2021-08-27 07:32:03');

/*!40000 ALTER TABLE `admins` ENABLE KEYS */;
UNLOCK TABLES;


# Dump of table article_feedback
# ------------------------------------------------------------

DROP TABLE IF EXISTS `article_feedback`;

CREATE TABLE `article_feedback` (
  `id` bigint(20) unsigned NOT NULL AUTO_INCREMENT,
  `user_id` int(11) DEFAULT NULL,
  `knowledgebase_id` bigint(20) unsigned NOT NULL,
  `name` varchar(191) COLLATE utf8mb4_unicode_ci NOT NULL,
  `email` varchar(191) COLLATE utf8mb4_unicode_ci NOT NULL,
  `query` longtext COLLATE utf8mb4_unicode_ci NOT NULL,
  `good_response` varchar(191) COLLATE utf8mb4_unicode_ci DEFAULT NULL,
  `bad_response` varchar(191) COLLATE utf8mb4_unicode_ci DEFAULT NULL,
  `created_at` timestamp NULL DEFAULT NULL,
  `updated_at` timestamp NULL DEFAULT NULL,
  PRIMARY KEY (`id`)
) ENGINE=InnoDB DEFAULT CHARSET=utf8mb4 COLLATE=utf8mb4_unicode_ci;

LOCK TABLES `article_feedback` WRITE;
/*!40000 ALTER TABLE `article_feedback` DISABLE KEYS */;

INSERT INTO `article_feedback` (`id`, `user_id`, `knowledgebase_id`, `name`, `email`, `query`, `good_response`, `bad_response`, `created_at`, `updated_at`)
VALUES
	(16,3,2,'User 2','testdoc2021@gmail.com','Testing logged user','good',NULL,'2021-08-08 06:24:41','2021-08-08 06:24:41'),
	(17,NULL,1,'Unlogged User','dd@dd','testing unlogged user','good',NULL,'2021-08-08 06:26:28','2021-08-08 06:26:28'),
	(18,NULL,1,'ww','ww@ss','ss',NULL,'bad','2021-08-08 06:27:08','2021-08-08 06:27:08'),
	(19,NULL,1,'dd','dda@d','ffd','good',NULL,'2021-08-08 06:28:58','2021-08-08 06:28:58'),
	(20,NULL,2,'Sharifur Rahmam','dvrobin4@gmail.com','zxCXZCXZC','good',NULL,'2021-08-12 08:46:25','2021-08-12 08:46:25'),
	(21,NULL,2,'ss','ss','ss','good',NULL,'2021-08-12 09:58:55','2021-08-12 09:58:55'),
	(22,NULL,3,'sdsaf','sddds','sdds','good',NULL,'2021-08-12 13:41:20','2021-08-12 13:41:20');

/*!40000 ALTER TABLE `article_feedback` ENABLE KEYS */;
UNLOCK TABLES;


# Dump of table blog_categories
# ------------------------------------------------------------

DROP TABLE IF EXISTS `blog_categories`;

CREATE TABLE `blog_categories` (
  `id` bigint(20) unsigned NOT NULL AUTO_INCREMENT,
  `name` varchar(191) COLLATE utf8mb4_unicode_ci NOT NULL,
  `lang` varchar(191) COLLATE utf8mb4_unicode_ci NOT NULL,
  `status` varchar(191) COLLATE utf8mb4_unicode_ci DEFAULT NULL,
  `created_at` timestamp NULL DEFAULT NULL,
  `updated_at` timestamp NULL DEFAULT NULL,
  PRIMARY KEY (`id`)
) ENGINE=InnoDB DEFAULT CHARSET=utf8mb4 COLLATE=utf8mb4_unicode_ci;

LOCK TABLES `blog_categories` WRITE;
/*!40000 ALTER TABLE `blog_categories` DISABLE KEYS */;

INSERT INTO `blog_categories` (`id`, `name`, `lang`, `status`, `created_at`, `updated_at`)
VALUES
	(1,'Computer','en_GB','publish','2021-08-05 06:04:27','2021-08-05 06:04:27'),
	(2,'Domains','en_GB','publish','2021-08-05 06:12:39','2021-08-05 06:12:39'),
	(3,'Hosting','en_GB','publish','2021-08-05 06:13:00','2021-08-05 06:13:00'),
	(4,'Affiliates','en_GB','publish','2021-08-05 06:13:26','2021-08-05 06:13:26'),
	(5,'Email Service','en_GB','publish','2021-08-05 06:13:41','2021-08-05 06:13:41'),
	(6,'Domain Transfer','en_GB','publish','2021-08-05 06:13:56','2021-08-05 06:13:56'),
	(7,' ','ar','publish','2021-08-05 06:14:34','2021-08-05 06:14:34'),
	(8,'  ','ar','publish','2021-08-05 06:14:59','2021-08-05 06:14:59'),
	(9,' ','ar','publish','2021-08-05 06:15:33','2021-08-05 06:15:33'),
	(10,'','ar','publish','2021-08-05 06:16:13','2021-08-05 06:16:13'),
	(11,'','ar','publish','2021-08-05 06:21:32','2021-08-05 06:21:32'),
	(12,'','ar','publish','2021-08-05 06:22:48','2021-08-05 06:22:48'),
	(13,'Transferencia de dominio','es_ES','publish','2021-08-05 06:23:20','2021-08-05 06:23:20'),
	(14,'Servicio de correo electrnico','es_ES','publish','2021-08-05 06:23:46','2021-08-05 06:23:46'),
	(15,'Afiliados','es_ES','publish','2021-08-05 06:24:16','2021-08-05 06:24:16'),
	(16,'Hospedaje','es_ES','publish','2021-08-05 06:24:50','2021-08-05 06:24:50'),
	(17,'Dominios','es_ES','publish','2021-08-05 06:25:18','2021-08-05 06:25:18'),
	(18,'Computadora','es_ES','publish','2021-08-05 06:25:41','2021-08-05 06:25:41');

/*!40000 ALTER TABLE `blog_categories` ENABLE KEYS */;
UNLOCK TABLES;


# Dump of table blogs
# ------------------------------------------------------------

DROP TABLE IF EXISTS `blogs`;

CREATE TABLE `blogs` (
  `id` bigint(20) unsigned NOT NULL AUTO_INCREMENT,
  `category_id` int(10) unsigned NOT NULL,
  `user_id` int(10) unsigned DEFAULT NULL,
  `title` varchar(191) COLLATE utf8mb4_unicode_ci NOT NULL,
  `blog_content` longtext COLLATE utf8mb4_unicode_ci NOT NULL,
  `tags` varchar(191) COLLATE utf8mb4_unicode_ci DEFAULT NULL,
  `image` varchar(191) COLLATE utf8mb4_unicode_ci DEFAULT NULL,
  `meta_tags` varchar(191) COLLATE utf8mb4_unicode_ci NOT NULL,
  `meta_description` text COLLATE utf8mb4_unicode_ci,
  `excerpt` text COLLATE utf8mb4_unicode_ci,
  `og_meta_title` varchar(191) COLLATE utf8mb4_unicode_ci DEFAULT NULL,
  `og_meta_description` text COLLATE utf8mb4_unicode_ci,
  `og_meta_image` varchar(191) COLLATE utf8mb4_unicode_ci DEFAULT NULL,
  `slug` varchar(191) COLLATE utf8mb4_unicode_ci DEFAULT NULL,
  `author` varchar(191) COLLATE utf8mb4_unicode_ci DEFAULT NULL,
  `meta_title` varchar(191) COLLATE utf8mb4_unicode_ci DEFAULT NULL,
  `status` varchar(191) COLLATE utf8mb4_unicode_ci DEFAULT NULL,
  `lang` varchar(191) COLLATE utf8mb4_unicode_ci DEFAULT NULL,
  `created_at` timestamp NULL DEFAULT NULL,
  `updated_at` timestamp NULL DEFAULT NULL,
  PRIMARY KEY (`id`)
) ENGINE=InnoDB DEFAULT CHARSET=utf8mb4 COLLATE=utf8mb4_unicode_ci;

LOCK TABLES `blogs` WRITE;
/*!40000 ALTER TABLE `blogs` DISABLE KEYS */;

INSERT INTO `blogs` (`id`, `category_id`, `user_id`, `title`, `blog_content`, `tags`, `image`, `meta_tags`, `meta_description`, `excerpt`, `og_meta_title`, `og_meta_description`, `og_meta_image`, `slug`, `author`, `meta_title`, `status`, `lang`, `created_at`, `updated_at`)
VALUES
	(3,1,10,'What are the main features that interest in our product','<p><span style=\"color:rgb(102,102,102);font-family:\'Open Sans\', sans-serif;font-size:16px;\">One advanced diverted domestic repeated bringing you old. Possible procured her trifling laughter thoughts property she met way. Companions shy had solicitude favourable own. Which could saw guest man now heard but. Lasted my coming uneasy marked so should. Gravity letters it amongst herself dearest an windows by. Wooded ladies she basket season age her uneasy saw. Discourse unwilling am no described dejection incommode no listening of. Before nature his parish boy.</span><span style=\"color:rgb(102,102,102);font-family:\'Open Sans\', sans-serif;font-size:16px;\">Folly words widow one downs few age every seven. If miss part by fact he park just shew. Discovered had get considered projection who favourable. Necessary up knowledge it tolerably. Unwilling departure education is be dash woods or an. Use off agreeable law unwilling sir deficient curiosity instantly. Easy mind life fact with see has bore ten. Parish any chatty can elinor direct for former. Up as meant widow equal an share least.</span><span style=\"color:rgb(102,102,102);font-family:\'Open Sans\', sans-serif;font-size:16px;\">Another journey chamber way yet females man. Way extensive and dejection get delivered deficient sincerity gentleman age. Too end instrument possession contrasted motionless. Calling offence six joy feeling. Coming merits and was talent enough far. Sir joy northward sportsmen education. Discovery incommode earnestly no he commanded if. Put still any about manor heard.</span></p>','test','11','ss','Discovered had get considered projection who favourable','If miss part by fact he park just shew. Discovered had get considered projection who favourable. Necessary up knowledge it tolerably.','test','Discovered had get considered projection who favourable',NULL,'what-are-the-main-features-that-interest-in-our-product','Sohan','test','publish','en_GB','2021-08-05 09:24:43','2021-08-14 04:28:23'),
	(4,2,10,'Before nature his parish boy','<p><span style=\"color:rgb(102,102,102);font-family:\'Open Sans\', sans-serif;font-size:16px;\">One advanced diverted domestic repeated bringing you old. Possible procured her trifling laughter thoughts property she met way. Companions shy had solicitude favourable own. Which could saw guest man now heard but. Lasted my coming uneasy marked so should. Gravity letters it amongst herself dearest an windows by. Wooded ladies she basket season age her uneasy saw. Discourse unwilling am no described dejection incommode no listening of. Before nature his parish boy.</span><span style=\"color:rgb(102,102,102);font-family:\'Open Sans\', sans-serif;font-size:16px;\">Folly words widow one downs few age every seven. If miss part by fact he park just shew. Discovered had get considered projection who favourable. Necessary up knowledge it tolerably. Unwilling departure education is be dash woods or an. Use off agreeable law unwilling sir deficient curiosity instantly. Easy mind life fact with see has bore ten. Parish any chatty can elinor direct for former. Up as meant widow equal an share least.</span><span style=\"color:rgb(102,102,102);font-family:\'Open Sans\', sans-serif;font-size:16px;\">Another journey chamber way yet females man. Way extensive and dejection get delivered deficient sincerity gentleman age. Too end instrument possession contrasted motionless. Calling offence six joy feeling. Coming merits and was talent enough far. Sir joy northward sportsmen education. Discovery incommode earnestly no he commanded if. Put still any about manor heard.</span></p>','test','18','test','Discovered had get considered projection who favourable','If miss part by fact he park just shew. Discovered had get considered projection who favourable. Necessary up knowledge it tolerably.','test','Discovered had get considered projection who favourable',NULL,'before-nature-his-parish-boy','Sohan','test','publish','en_GB','2021-08-05 09:31:20','2021-08-14 04:27:23'),
	(5,1,10,'Are the main features that interest in our product','<p><span style=\"color:rgb(102,102,102);font-family:\'Open Sans\', sans-serif;font-size:16px;\">One advanced diverted domestic repeated bringing you old. Possible procured her trifling laughter thoughts property she met way. Companions shy had solicitude favourable own. Which could saw guest man now heard but. Lasted my coming uneasy marked so should. Gravity letters it amongst herself dearest an windows by. Wooded ladies she basket season age her uneasy saw. Discourse unwilling am no described dejection incommode no listening of. Before nature his parish boy.</span><span style=\"color:rgb(102,102,102);font-family:\'Open Sans\', sans-serif;font-size:16px;\">Folly words widow one downs few age every seven. If miss part by fact he park just shew. Discovered had get considered projection who favourable. Necessary up knowledge it tolerably. Unwilling departure education is be dash woods or an. Use off agreeable law unwilling sir deficient curiosity instantly. Easy mind life fact with see has bore ten. Parish any chatty can elinor direct for former. Up as meant widow equal an share least.</span><span style=\"color:rgb(102,102,102);font-family:\'Open Sans\', sans-serif;font-size:16px;\">Another journey chamber way yet females man. Way extensive and dejection get delivered deficient sincerity gentleman age. Too end instrument possession contrasted motionless. Calling offence six joy feeling. Coming merits and was talent enough far. Sir joy northward sportsmen education. Discovery incommode earnestly no he commanded if. Put still any about manor heard.</span></p>','test','18','ok','Discovered had get considered projection who favourable','If miss part by fact he park just shew. Discovered had get considered projection who favourable. Necessary up knowledge it tolerably.','test','Discovered had get considered projection who favourable',NULL,'are-the-main-features-that-interest-in-our-product','Sohan','test','publish','en_GB','2021-08-05 09:32:46','2021-08-14 04:26:49'),
	(6,5,10,'Easy mind life fact with see has bore ten','<p><span style=\"color:rgb(102,102,102);font-family:\'Open Sans\', sans-serif;font-size:16px;\">One advanced diverted domestic repeated bringing you old. Possible procured her trifling laughter thoughts property she met way. Companions shy had solicitude favourable own. Which could saw guest man now heard but. Lasted my coming uneasy marked so should. Gravity letters it amongst herself dearest an windows by. Wooded ladies she basket season age her uneasy saw. Discourse unwilling am no described dejection incommode no listening of. Before nature his parish boy.</span><span style=\"color:rgb(102,102,102);font-family:\'Open Sans\', sans-serif;font-size:16px;\">Folly words widow one downs few age every seven. If miss part by fact he park just shew. Discovered had get considered projection who favourable. Necessary up knowledge it tolerably. Unwilling departure education is be dash woods or an. Use off agreeable law unwilling sir deficient curiosity instantly. Easy mind life fact with see has bore ten. Parish any chatty can elinor direct for former. Up as meant widow equal an share least.</span><span style=\"color:rgb(102,102,102);font-family:\'Open Sans\', sans-serif;font-size:16px;\">Another journey chamber way yet females man. Way extensive and dejection get delivered deficient sincerity gentleman age. Too end instrument possession contrasted motionless. Calling offence six joy feeling. Coming merits and was talent enough far. Sir joy northward sportsmen education. Discovery incommode earnestly no he commanded if. Put still any about manor heard.</span></p>','test','13','ok','Discovered had get considered projection who favourable','If miss part by fact he park just shew. Discovered had get considered projection who favourable. Necessary up knowledge it tolerably.','test','Discovered had get considered projection who favourable',NULL,'easy-mind-life-fact-with-see-has-bore-ten','Sohan','test','publish','en_GB','2021-08-05 09:33:57','2021-08-14 04:26:32'),
	(7,3,10,'Discovery incommode earnestly no he commanded','<p><span style=\"color:rgb(102,102,102);font-family:\'Open Sans\', sans-serif;font-size:16px;\">One advanced diverted domestic repeated bringing you old. Possible procured her trifling laughter thoughts property she met way. Companions shy had solicitude favourable own. Which could saw guest man now heard but. Lasted my coming uneasy marked so should. Gravity letters it amongst herself dearest an windows by. Wooded ladies she basket season age her uneasy saw. Discourse unwilling am no described dejection incommode no listening of. Before nature his parish boy.</span><span style=\"color:rgb(102,102,102);font-family:\'Open Sans\', sans-serif;font-size:16px;\">Folly words widow one downs few age every seven. If miss part by fact he park just shew. Discovered had get considered projection who favourable. Necessary up knowledge it tolerably. Unwilling departure education is be dash woods or an. Use off agreeable law unwilling sir deficient curiosity instantly. Easy mind life fact with see has bore ten. Parish any chatty can elinor direct for former. Up as meant widow equal an share least.</span><span style=\"color:rgb(102,102,102);font-family:\'Open Sans\', sans-serif;font-size:16px;\">Another journey chamber way yet females man. Way extensive and dejection get delivered deficient sincerity gentleman age. Too end instrument possession contrasted motionless. Calling offence six joy feeling. Coming merits and was talent enough far. Sir joy northward sportsmen education. Discovery incommode earnestly no he commanded if. Put still any about manor heard.</span></p>','test','12','ok','Discovered had get considered projection who favourable','If miss part by fact he park just shew. Discovered had get considered projection who favourable. Necessary up knowledge it tolerably.','test','Discovered had get considered projection who favourable',NULL,'discovery-incommode-earnestly-no-he-commanded','Sohan','test','publish','en_GB','2021-08-05 09:35:20','2021-08-14 04:26:04'),
	(8,2,10,'Gravity letters it amongst herself dearest','<p><span style=\"color:rgb(102,102,102);font-family:\'Open Sans\', sans-serif;font-size:16px;\">One advanced diverted domestic repeated bringing you old. Possible procured her trifling laughter thoughts property she met way. Companions shy had solicitude favourable own. Which could saw guest man now heard but. Lasted my coming uneasy marked so should. Gravity letters it amongst herself dearest an windows by. Wooded ladies she basket season age her uneasy saw. Discourse unwilling am no described dejection incommode no listening of. Before nature his parish boy.</span><span style=\"color:rgb(102,102,102);font-family:\'Open Sans\', sans-serif;font-size:16px;\">Folly words widow one downs few age every seven. If miss part by fact he park just shew. Discovered had get considered projection who favourable. Necessary up knowledge it tolerably. Unwilling departure education is be dash woods or an. Use off agreeable law unwilling sir deficient curiosity instantly. Easy mind life fact with see has bore ten. Parish any chatty can elinor direct for former. Up as meant widow equal an share least.</span><span style=\"color:rgb(102,102,102);font-family:\'Open Sans\', sans-serif;font-size:16px;\">Another journey chamber way yet females man. Way extensive and dejection get delivered deficient sincerity gentleman age. Too end instrument possession contrasted motionless. Calling offence six joy feeling. Coming merits and was talent enough far. Sir joy northward sportsmen education. Discovery incommode earnestly no he commanded if. Put still any about manor heard.</span></p>','test','11','test','Discovered had get considered projection who favourable','If miss part by fact he park just shew. Discovered had get considered projection who favourable. Necessary up knowledge it tolerably.','test','Discovered had get considered projection who favourable',NULL,'gravity-letters-it-amongst-herself-dearest','Sohan','test','publish','en_GB','2021-08-05 09:38:36','2021-08-14 04:25:51'),
	(9,7,10,'     ','<p><font color=\"#666666\" face=\"Open Sans, sans-serif\"><span style=\"font-size: 16px;\">           .           .     .        .       .       .        .          .                .         .       .       .          .           .          .        .     .        .           .      .     .        .     .  incommode    .       .</span></font><br></p>','','56','','','        .      .       .','','',NULL,'abrshy-ay-thrthr-ymkn-an-toga','','','publish','ar','2021-08-05 09:40:10','2021-08-05 09:55:35'),
	(11,9,10,'    ','<p><font color=\"#666666\" face=\"Open Sans, sans-serif\"><span style=\"font-size: 16px;\">           .           .     .        .       .       .        .          .                .         .       .       .          .           .          .        .     .        .           .      .     .        .     .  incommode    .       .</span></font><br></p>','','50','','','        .      .       .','','',NULL,'rsayl-algathby-byn-nfsha-aaaz','','','publish','ar','2021-08-05 09:54:43','2021-08-05 09:56:15'),
	(12,8,10,'   ','<p><font color=\"#666666\" face=\"Open Sans, sans-serif\"><span style=\"font-size: 16px;\">           .           .     .        .       .       .        .          .                .         .       .       .          .           .          .        .     .        .           .      .     .        .     .  incommode    .       .</span></font><br></p>','','55','','','        .      .       .','','',NULL,'ghrf-rhl-akhr-ht','','','publish','ar','2021-08-05 09:57:25','2021-08-05 09:58:09'),
	(13,10,10,'   ','<p><font color=\"#666666\" face=\"Open Sans, sans-serif\"><span style=\"font-size: 16px;\">           .           .     .        .       .       .        .          .                .         .       .       .          .           .          .        .     .        .           .      .     .        .     .  incommode    .       .</span></font><br></p>','','54','','','        .      .       .','','',NULL,'ghrf-rhl-akhr-htalsydat','','','publish','ar','2021-08-05 09:58:48','2021-08-05 10:00:33'),
	(14,11,10,'     ','<p><font color=\"#666666\" face=\"Open Sans, sans-serif\"><span style=\"font-size: 16px;\">           .           .     .        .       .       .        .          .                .         .       .       .          .           .          .        .     .        .           .      .     .        .     .  incommode    .       .</span></font><br></p>','','53','','','        .      .       .','','',NULL,'abrshy-ay-thrthr-ymkn-an-t','','','publish','ar','2021-08-05 10:01:10','2021-08-05 10:02:22'),
	(15,12,10,'   ','<p><font color=\"#666666\" face=\"Open Sans, sans-serif\"><span style=\"font-size: 16px;\">           .           .     .        .       .       .        .          .                .         .       .       .          .           .          .        .     .        .           .      .     .        .     .  incommode    .       .</span></font><br></p>','','52','','','        .      .       .','','',NULL,'abrshy-ay-astkhdammkn-an','','','publish','ar','2021-08-05 10:03:17','2021-08-05 10:04:01'),
	(16,13,10,'Cules son las principales caractersticas que interesan a nuestro producto?','<p>Palabras de locura viuda una baja edad cada siete aos. Si se pierde parte por hecho, el parque solo muestra. Descubierto se haba considerado proyeccin favorable. Necesario hasta el conocimiento tolerablemente. La educacin de la salida no dispuesta es ser dashwoods o an. Utilice la ley agradable que no quiere seor curiosidad deficiente al instante. El hecho de la vida de la mente fcil con ver ha aburrido diez. Parroquia cualquier hablador puede elinor dirigir para el ex. Hasta como significaba viuda igual a una parte mnima.Otro camino de cmara de viaje an mujeres hombre. Camino extenso y abatimiento se entrega deficiente sinceridad caballero edad. Demasiado fin de la posesin de instrumentos contrastaba inmvil. Llamar a la ofensa seis sentimiento de alegra. Viniendo de mritos y talento bastante lejos. Seor alegra de la educacin de los deportistas hacia el norte. Descubrimiento en serio no orden si. Ponga todava algo sobre la mansin escuchada.</p>','prueba','14','prueba','prueba','En l, excepto para templar los gustos mutuos de la madre. Interesado cultivado su continuo ahora todava lo est. Nuestra aceptacin interesada afrenta nuestra parcialidad desagradable por qu sumar.','prueba','prueba',NULL,'cuales-son-las-principales-caracteristicas-que-interesan-a-nuestro-producto','Sohan','prueba','publish','es_ES','2021-08-05 10:14:48','2021-08-14 04:28:44'),
	(17,14,10,'caractersticas que interesan a nuestro producto?','<p>Palabras de locura viuda una baja edad cada siete aos. Si se pierde parte por hecho, el parque solo muestra. Descubierto se haba considerado proyeccin favorable. Necesario hasta el conocimiento tolerablemente. La educacin de la salida no dispuesta es ser dashwoods o an. Utilice la ley agradable que no quiere seor curiosidad deficiente al instante. El hecho de la vida de la mente fcil con ver ha aburrido diez. Parroquia cualquier hablador puede elinor dirigir para el ex. Hasta como significaba viuda igual a una parte mnima.Otro camino de cmara de viaje an mujeres hombre. Camino extenso y abatimiento se entrega deficiente sinceridad caballero edad. Demasiado fin de la posesin de instrumentos contrastaba inmvil. Llamar a la ofensa seis sentimiento de alegra. Viniendo de mritos y talento bastante lejos. Seor alegra de la educacin de los deportistas hacia el norte. Descubrimiento en serio no orden si. Ponga todava algo sobre la mansin escuchada.</p>','prueba','12','prueba','prueba','En l, excepto para templar los gustos mutuos de la madre. Interesado cultivado su continuo ahora todava lo est. Nuestra aceptacin interesada afrenta nuestra parcialidad desagradable por qu sumar.','prueba','prueba',NULL,'caracteristicas-que-interesan-a-nuestro-producto','Sohan','prueba','publish','es_ES','2021-08-05 10:15:19','2021-08-14 04:28:58'),
	(18,15,10,'Cules son las principa hasta?','<p>Palabras de locura viuda una baja edad cada siete aos. Si se pierde parte por hecho, el parque solo muestra. Descubierto se haba considerado proyeccin favorable. Necesario hasta el conocimiento tolerablemente. La educacin de la salida no dispuesta es ser dashwoods o an. Utilice la ley agradable que no quiere seor curiosidad deficiente al instante. El hecho de la vida de la mente fcil con ver ha aburrido diez. Parroquia cualquier hablador puede elinor dirigir para el ex. Hasta como significaba viuda igual a una parte mnima.Otro camino de cmara de viaje an mujeres hombre. Camino extenso y abatimiento se entrega deficiente sinceridad caballero edad. Demasiado fin de la posesin de instrumentos contrastaba inmvil. Llamar a la ofensa seis sentimiento de alegra. Viniendo de mritos y talento bastante lejos. Seor alegra de la educacin de los deportistas hacia el norte. Descubrimiento en serio no orden si. Ponga todava algo sobre la mansin escuchada.</p>','prueba','54','prueba','prueba','En l, excepto para templar los gustos mutuos de la madre. Interesado cultivado su continuo ahora todava lo est. Nuestra aceptacin interesada afrenta nuestra parcialidad desagradable por qu sumar.','prueba','prueba',NULL,'cuales-son-las-principa-hasta','Sohan','prueba','publish','es_ES','2021-08-05 10:16:53','2021-08-05 10:17:51'),
	(19,13,10,'Palabras de locura viuda una baja','<p>Palabras de locura viuda una baja edad cada siete aos. Si se pierde parte por hecho, el parque solo muestra. Descubierto se haba considerado proyeccin favorable. Necesario hasta el conocimiento tolerablemente. La educacin de la salida no dispuesta es ser dashwoods o an. Utilice la ley agradable que no quiere seor curiosidad deficiente al instante. El hecho de la vida de la mente fcil con ver ha aburrido diez. Parroquia cualquier hablador puede elinor dirigir para el ex. Hasta como significaba viuda igual a una parte mnima.Otro camino de cmara de viaje an mujeres hombre. Camino extenso y abatimiento se entrega deficiente sinceridad caballero edad. Demasiado fin de la posesin de instrumentos contrastaba inmvil. Llamar a la ofensa seis sentimiento de alegra. Viniendo de mritos y talento bastante lejos. Seor alegra de la educacin de los deportistas hacia el norte. Descubrimiento en serio no orden si. Ponga todava algo sobre la mansin escuchada.</p>','prueba','16','prueba','prueba','En l, excepto para templar los gustos mutuos de la madre. Interesado cultivado su continuo ahora todava lo est. Nuestra aceptacin interesada afrenta nuestra parcialidad desagradable por qu sumar.','prueba','prueba',NULL,'palabras-de-locura-viuda-una-baja','Sohan','prueba','publish','es_ES','2021-08-05 10:18:21','2021-08-14 04:29:13'),
	(20,18,10,'interesan a nuestro producto?','<p>Palabras de locura viuda una baja edad cada siete aos. Si se pierde parte por hecho, el parque solo muestra. Descubierto se haba considerado proyeccin favorable. Necesario hasta el conocimiento tolerablemente. La educacin de la salida no dispuesta es ser dashwoods o an. Utilice la ley agradable que no quiere seor curiosidad deficiente al instante. El hecho de la vida de la mente fcil con ver ha aburrido diez. Parroquia cualquier hablador puede elinor dirigir para el ex. Hasta como significaba viuda igual a una parte mnima.Otro camino de cmara de viaje an mujeres hombre. Camino extenso y abatimiento se entrega deficiente sinceridad caballero edad. Demasiado fin de la posesin de instrumentos contrastaba inmvil. Llamar a la ofensa seis sentimiento de alegra. Viniendo de mritos y talento bastante lejos. Seor alegra de la educacin de los deportistas hacia el norte. Descubrimiento en serio no orden si. Ponga todava algo sobre la mansin escuchada.</p>','prueba','11','prueba','prueba','En l, excepto para templar los gustos mutuos de la madre. Interesado cultivado su continuo ahora todava lo est. Nuestra aceptacin interesada afrenta nuestra parcialidad desagradable por qu sumar.','prueba','prueba',NULL,'interesan-a-nuestro-producto','Sohan','prueba','publish','es_ES','2021-08-05 10:20:40','2021-08-14 04:29:47'),
	(21,18,NULL,'interesan a nuestro producto?','<p>Palabras de locura viuda una baja edad cada siete aos. Si se pierde parte por hecho, el parque solo muestra. Descubierto se haba considerado proyeccin favorable. Necesario hasta el conocimiento tolerablemente. La educacin de la salida no dispuesta es ser dashwoods o an. Utilice la ley agradable que no quiere seor curiosidad deficiente al instante. El hecho de la vida de la mente fcil con ver ha aburrido diez. Parroquia cualquier hablador puede elinor dirigir para el ex. Hasta como significaba viuda igual a una parte mnima.Otro camino de cmara de viaje an mujeres hombre. Camino extenso y abatimiento se entrega deficiente sinceridad caballero edad. Demasiado fin de la posesin de instrumentos contrastaba inmvil. Llamar a la ofensa seis sentimiento de alegra. Viniendo de mritos y talento bastante lejos. Seor alegra de la educacin de los deportistas hacia el norte. Descubrimiento en serio no orden si. Ponga todava algo sobre la mansin escuchada.</p>','prueba','52','prueba','prueba','En l, excepto para templar los gustos mutuos de la madre. Interesado cultivado su continuo ahora todava lo est. Nuestra aceptacin interesada afrenta nuestra parcialidad desagradable por qu sumar.','prueba','prueba',NULL,'interesan-a-nuestro-producto2','Sohan','prueba','draft',NULL,'2021-08-05 10:28:08','2021-08-05 10:28:08'),
	(22,18,NULL,'interesan a nuestro producto?','<p>Palabras de locura viuda una baja edad cada siete aos. Si se pierde parte por hecho, el parque solo muestra. Descubierto se haba considerado proyeccin favorable. Necesario hasta el conocimiento tolerablemente. La educacin de la salida no dispuesta es ser dashwoods o an. Utilice la ley agradable que no quiere seor curiosidad deficiente al instante. El hecho de la vida de la mente fcil con ver ha aburrido diez. Parroquia cualquier hablador puede elinor dirigir para el ex. Hasta como significaba viuda igual a una parte mnima.Otro camino de cmara de viaje an mujeres hombre. Camino extenso y abatimiento se entrega deficiente sinceridad caballero edad. Demasiado fin de la posesin de instrumentos contrastaba inmvil. Llamar a la ofensa seis sentimiento de alegra. Viniendo de mritos y talento bastante lejos. Seor alegra de la educacin de los deportistas hacia el norte. Descubrimiento en serio no orden si. Ponga todava algo sobre la mansin escuchada.</p>','prueba','52','prueba','prueba','En l, excepto para templar los gustos mutuos de la madre. Interesado cultivado su continuo ahora todava lo est. Nuestra aceptacin interesada afrenta nuestra parcialidad desagradable por qu sumar.','prueba','prueba',NULL,'interesan-a-nuestro-producto2','Sohan','prueba','draft',NULL,'2021-08-05 10:28:41','2021-08-05 10:28:41'),
	(23,13,10,'interesan a nuestro producto instante?','<p>Palabras de locura viuda una baja edad cada siete aos. Si se pierde parte por hecho, el parque solo muestra. Descubierto se haba considerado proyeccin favorable. Necesario hasta el conocimiento tolerablemente. La educacin de la salida no dispuesta es ser dashwoods o an. Utilice la ley agradable que no quiere seor curiosidad deficiente al instante. El hecho de la vida de la mente fcil con ver ha aburrido diez. Parroquia cualquier hablador puede elinor dirigir para el ex. Hasta como significaba viuda igual a una parte mnima.Otro camino de cmara de viaje an mujeres hombre. Camino extenso y abatimiento se entrega deficiente sinceridad caballero edad. Demasiado fin de la posesin de instrumentos contrastaba inmvil. Llamar a la ofensa seis sentimiento de alegra. Viniendo de mritos y talento bastante lejos. Seor alegra de la educacin de los deportistas hacia el norte. Descubrimiento en serio no orden si. Ponga todava algo sobre la mansin escuchada.</p>','prueba','16','prueba','prueba','En l, excepto para templar los gustos mutuos de la madre. Interesado cultivado su continuo ahora todava lo est. Nuestra aceptacin interesada afrenta nuestra parcialidad desagradable por qu sumar.','prueba','prueba',NULL,'interesan-a-nuestro-producto-instante','Sohan','prueba','publish','es_ES','2021-08-05 10:29:47','2021-08-14 04:29:27');

/*!40000 ALTER TABLE `blogs` ENABLE KEYS */;
UNLOCK TABLES;


# Dump of table canned_responses
# ------------------------------------------------------------

DROP TABLE IF EXISTS `canned_responses`;

CREATE TABLE `canned_responses` (
  `id` bigint(20) unsigned NOT NULL AUTO_INCREMENT,
  `title` varchar(191) COLLATE utf8mb4_unicode_ci NOT NULL,
  `body` longtext COLLATE utf8mb4_unicode_ci,
  `lang` varchar(191) COLLATE utf8mb4_unicode_ci NOT NULL,
  `created_at` timestamp NULL DEFAULT NULL,
  `updated_at` timestamp NULL DEFAULT NULL,
  PRIMARY KEY (`id`)
) ENGINE=InnoDB DEFAULT CHARSET=utf8mb4 COLLATE=utf8mb4_unicode_ci;

LOCK TABLES `canned_responses` WRITE;
/*!40000 ALTER TABLE `canned_responses` DISABLE KEYS */;

INSERT INTO `canned_responses` (`id`, `title`, `body`, `lang`, `created_at`, `updated_at`)
VALUES
	(1,'Auto Replay','Thanks for contact support. <br><br>\r\nYour Support Ticket ID: <br>\r\n\r\nwe will contact you soon <br>\r\n <br>\r\nNT: This is an automated message','en_GB','2021-07-29 05:51:00','2021-07-30 05:56:35'),
	(4,'  ','<p>   .</p><p><br></p><p>    :</p><p>   .</p><p><br></p><p>NT:   .</p>','ar','2021-07-29 06:17:07','2021-07-29 06:17:07'),
	(5,'Repeticin automtica','<p>Gracias por contactar con el soporte.</p><p><br></p><p>Su ID de ticket de soporte:</p><p>Nos pondremos en contacto con usted pronto.</p><p><br></p><p>NT: Este es un mensaje automtico.</p>','es_ES','2021-07-29 06:17:34','2021-07-29 06:17:34'),
	(6,'Closing Ticket','This is test for closing ticket.\r\n\r\n\r\nNT: This is an automated message','en_GB','2021-07-29 06:19:06','2021-07-30 06:20:26'),
	(7,' ','<p>        .</p><p>      .</p>','ar','2021-07-29 06:19:42','2021-07-29 06:19:42'),
	(8,'Ticket de cierre','<p>Estoy cerrando este ticket porque no respondiste desde hace 2 das.</p><p>puede abrir este ticket en cualquier momento.</p>','es_ES','2021-07-29 06:20:21','2021-07-29 06:20:21'),
	(9,'Leave Review','Please leave  a review for code canyion\r\n\r\nNT: This is an automated message','en_GB','2021-07-29 06:23:03','2021-07-30 06:00:03'),
	(10,' ','<p>         </p><p>          &nbsp;</p>','ar','2021-07-29 06:23:55','2021-07-29 06:23:55'),
	(11,'Deje opinin','<p>por favor deje un comentario en codecanyon, cmo fue su experiencia con el soporte?</p><p>puede seguir este artculo para obtener ms informacin,</p><p><br></p><p>&nbsp; Cmo dejar una resea en codecanyon</p>','es_ES','2021-07-29 06:24:34','2021-07-29 06:24:34');

/*!40000 ALTER TABLE `canned_responses` ENABLE KEYS */;
UNLOCK TABLES;


# Dump of table consulations
# ------------------------------------------------------------

DROP TABLE IF EXISTS `consulations`;

CREATE TABLE `consulations` (
  `id` bigint(20) unsigned NOT NULL AUTO_INCREMENT,
  `custom_fields` longtext COLLATE utf8mb4_unicode_ci,
  `attachment` longtext COLLATE utf8mb4_unicode_ci,
  `status` varchar(191) COLLATE utf8mb4_unicode_ci NOT NULL DEFAULT 'pending',
  `created_at` timestamp NULL DEFAULT NULL,
  `updated_at` timestamp NULL DEFAULT NULL,
  PRIMARY KEY (`id`)
) ENGINE=InnoDB DEFAULT CHARSET=utf8mb4 COLLATE=utf8mb4_unicode_ci;

LOCK TABLES `consulations` WRITE;
/*!40000 ALTER TABLE `consulations` DISABLE KEYS */;

INSERT INTO `consulations` (`id`, `custom_fields`, `attachment`, `status`, `created_at`, `updated_at`)
VALUES
	(28,'a:4:{s:4:\"name\";s:8:\"Al Ahsan\";s:7:\"subject\";s:12:\"test subject\";s:5:\"email\";s:23:\"sopnilsohan03@gmail.com\";s:7:\"message\";s:20:\"This is test content\";}','a:0:{}','completed','2021-05-26 09:27:49','2021-05-26 10:00:17'),
	(35,'a:4:{s:4:\"name\";s:9:\"sdfgdsfds\";s:7:\"subject\";s:3:\"sss\";s:5:\"email\";s:9:\"sfddf@fdf\";s:7:\"message\";s:8:\"sfdsfdsf\";}','a:1:{s:4:\"file\";s:88:\"assets/uploads/attachment/applicant/attachment-WH5LVgVpvQ5GAUcMrPVVlqgRXGRPZpox-file.jpg\";}','pending','2021-05-31 08:36:06','2021-05-31 08:36:06'),
	(36,'a:4:{s:4:\"name\";s:75:\"<img src=x onerror=alert(`XSS!`);window.location=`https:\\/\\/google.co.uk`;>\";s:7:\"subject\";s:75:\"<img src=x onerror=alert(`XSS!`);window.location=`https:\\/\\/google.co.uk`;>\";s:5:\"email\";s:23:\"sopnilsohan03@gmail.com\";s:7:\"message\";s:75:\"<img src=x onerror=alert(`XSS!`);window.location=`https:\\/\\/google.co.uk`;>\";}','a:0:{}','pending','2021-06-01 09:18:44','2021-06-01 09:18:44');

/*!40000 ALTER TABLE `consulations` ENABLE KEYS */;
UNLOCK TABLES;


# Dump of table counterups
# ------------------------------------------------------------

DROP TABLE IF EXISTS `counterups`;

CREATE TABLE `counterups` (
  `id` bigint(20) unsigned NOT NULL AUTO_INCREMENT,
  `title` varchar(191) COLLATE utf8mb4_unicode_ci NOT NULL,
  `number` varchar(191) COLLATE utf8mb4_unicode_ci NOT NULL,
  `extra_text` varchar(191) COLLATE utf8mb4_unicode_ci DEFAULT NULL,
  `image` varchar(191) COLLATE utf8mb4_unicode_ci DEFAULT NULL,
  `lang` varchar(191) COLLATE utf8mb4_unicode_ci DEFAULT NULL,
  `created_at` timestamp NULL DEFAULT NULL,
  `updated_at` timestamp NULL DEFAULT NULL,
  PRIMARY KEY (`id`)
) ENGINE=InnoDB DEFAULT CHARSET=utf8mb4 COLLATE=utf8mb4_unicode_ci;

LOCK TABLES `counterups` WRITE;
/*!40000 ALTER TABLE `counterups` DISABLE KEYS */;

INSERT INTO `counterups` (`id`, `title`, `number`, `extra_text`, `image`, `lang`, `created_at`, `updated_at`)
VALUES
	(18,'Total Viewers','88','k','26','en_GB','2021-07-11 09:48:41','2021-07-11 10:42:23'),
	(19,'Happy User','72','k','25','en_GB','2021-07-11 09:49:11','2021-07-11 10:41:56'),
	(20,'Live Support','75','k','24','en_GB','2021-07-11 09:49:49','2021-07-11 10:41:34'),
	(21,'User','88','k','23','en_GB','2021-07-11 09:50:16','2021-07-11 10:41:09'),
	(22,' ','88','k','23','ar','2021-07-11 09:51:02','2021-07-11 10:44:56'),
	(23,' ','252','k','24','ar','2021-07-11 09:51:33','2021-07-11 10:44:04'),
	(24,' ','44','k','25','ar','2021-07-11 09:51:59','2021-07-11 10:43:25'),
	(25,'','55','k','26','ar','2021-07-11 09:52:39','2021-07-11 10:42:56'),
	(26,'Espectadoras totales','44','k','26','es_ES','2021-07-11 09:53:28','2021-07-11 10:47:45'),
	(27,'Usuario feliz','78','k','25','es_ES','2021-07-11 09:54:02','2021-07-11 10:47:08'),
	(28,'Soporte vital','23','k','24','es_ES','2021-07-11 09:54:38','2021-07-11 10:46:14'),
	(29,'Usuaria','72','k','23','es_ES','2021-07-11 09:55:13','2021-07-11 10:45:25');

/*!40000 ALTER TABLE `counterups` ENABLE KEYS */;
UNLOCK TABLES;


# Dump of table failed_jobs
# ------------------------------------------------------------

DROP TABLE IF EXISTS `failed_jobs`;

CREATE TABLE `failed_jobs` (
  `id` bigint(20) unsigned NOT NULL AUTO_INCREMENT,
  `connection` text COLLATE utf8mb4_unicode_ci NOT NULL,
  `queue` text COLLATE utf8mb4_unicode_ci NOT NULL,
  `payload` longtext COLLATE utf8mb4_unicode_ci NOT NULL,
  `exception` longtext COLLATE utf8mb4_unicode_ci NOT NULL,
  `failed_at` timestamp NOT NULL DEFAULT CURRENT_TIMESTAMP,
  PRIMARY KEY (`id`)
) ENGINE=InnoDB DEFAULT CHARSET=utf8mb4 COLLATE=utf8mb4_unicode_ci;



# Dump of table faqs
# ------------------------------------------------------------

DROP TABLE IF EXISTS `faqs`;

CREATE TABLE `faqs` (
  `id` bigint(20) unsigned NOT NULL AUTO_INCREMENT,
  `title` text COLLATE utf8mb4_unicode_ci NOT NULL,
  `status` varchar(191) COLLATE utf8mb4_unicode_ci DEFAULT NULL,
  `is_open` varchar(191) COLLATE utf8mb4_unicode_ci DEFAULT NULL,
  `description` longtext COLLATE utf8mb4_unicode_ci,
  `lang` varchar(191) COLLATE utf8mb4_unicode_ci DEFAULT NULL,
  `created_at` timestamp NULL DEFAULT NULL,
  `updated_at` timestamp NULL DEFAULT NULL,
  PRIMARY KEY (`id`)
) ENGINE=InnoDB DEFAULT CHARSET=utf8mb4 COLLATE=utf8mb4_unicode_ci;

LOCK TABLES `faqs` WRITE;
/*!40000 ALTER TABLE `faqs` DISABLE KEYS */;

INSERT INTO `faqs` (`id`, `title`, `status`, `is_open`, `description`, `lang`, `created_at`, `updated_at`)
VALUES
	(1,'Whats your very first memory?','publish','on','<p style=\"text-align: justify; \">Anim pariatur cliche reprehenderit, enim eiusmod high life accusamus terryrichardson ad squid. 3 wolf moon officia aute, non cupidatat skateboarddolor brunch. Food truck quinoa nesciunt laborum eiusmod. Brunch 3 wolf moon tempor</p>','en_GB','2021-07-11 08:53:15','2021-07-15 13:33:06'),
	(2,'What makes you happiest?','publish','','<p><span style=\"text-align: justify;\">Anim pariatur cliche reprehenderit, enim eiusmod high life accusamus terryrichardson ad squid. 3 wolf moon officia aute, non cupidatat skateboarddolor brunch. Food truck quinoa nesciunt laborum eiusmod. Brunch 3 wolf moon tempor</span><br></p>','en_GB','2021-07-11 08:54:12','2021-07-11 09:15:27'),
	(3,'Whats the most ticklish spot on your body?','publish','','<p><span style=\"text-align: justify;\">Anim pariatur cliche reprehenderit, enim eiusmod high life accusamus terryrichardson ad squid. 3 wolf moon officia aute, non cupidatat skateboarddolor brunch. Food truck quinoa nesciunt laborum eiusmod. Brunch 3 wolf moon tempor</span><br></p>','en_GB','2021-07-11 08:54:48','2021-07-11 09:16:05'),
	(4,'Whats your favorite color?','publish','','<p><span style=\"text-align: justify;\">Anim pariatur cliche reprehenderit, enim eiusmod high life accusamus terryrichardson ad squid. 3 wolf moon officia aute, non cupidatat skateboarddolor brunch. Food truck quinoa nesciunt laborum eiusmod. Brunch 3 wolf moon tempor</span><br></p>','en_GB','2021-07-11 08:55:15','2021-07-11 09:15:09'),
	(5,'What song do you most associate with your childhood?','publish','','<p><span style=\"text-align: justify;\">Anim pariatur cliche reprehenderit, enim eiusmod high life accusamus terryrichardson ad squid. 3 wolf moon officia aute, non cupidatat skateboarddolor brunch. Food truck quinoa nesciunt laborum eiusmod. Brunch 3 wolf moon tempor</span><br></p>','en_GB','2021-07-11 08:55:39','2021-07-11 09:15:48'),
	(6,'Which dead celebrity do you most identify with?','publish','','<p><span style=\"text-align: justify;\">Anim pariatur cliche reprehenderit, enim eiusmod high life accusamus terryrichardson ad squid. 3 wolf moon officia aute, non cupidatat skateboarddolor brunch. Food truck quinoa nesciunt laborum eiusmod. Brunch 3 wolf moon tempor&nbsp;</span><br></p>','en_GB','2021-07-11 08:56:02','2021-07-11 10:53:03'),
	(7,'      ','publish','','<p>               .  3                  .  3   <br></p>','ar','2021-07-11 08:57:52','2021-07-11 08:57:52'),
	(8,'      ','publish','','<p>               .  3                  .  3   <br></p>','ar','2021-07-11 09:17:10','2021-07-11 09:17:10'),
	(9,'   ','publish','','<p>               .  3                  .  3   <br></p>','ar','2021-07-11 09:17:46','2021-07-11 09:17:46'),
	(10,'      ','publish','','<p>               .  3                  .  3   <br></p>','ar','2021-07-11 09:18:26','2021-07-11 09:18:26'),
	(11,'   ','publish','','<p>               .  3                  .  3   <br></p>','ar','2021-07-11 09:19:14','2021-07-11 09:19:14'),
	(12,'   ','publish','','<p>               .  3                  .  3   <br></p>','ar','2021-07-11 09:20:00','2021-07-11 09:20:00'),
	(13,'Con qu celebridad muerta te identificas ms?','publish','','<p>Anim pariatur clich reprehenderit, enim eiusmod high life accusamus terryrichardson ad squid. 3 wolf moon officia aute, brunch de color sin monopatn cupidatat. Food truck quinua nesciunt laborum eiusmod. Brunch 3 lobo luna tempor<br></p>','es_ES','2021-07-11 09:21:08','2021-07-11 09:21:08'),
	(14,'Qu cancin asocia ms con su infancia?','publish','','<p>Anim pariatur clich reprehenderit, enim eiusmod high life accusamus terryrichardson ad squid. 3 wolf moon officia aute, brunch de color sin monopatn cupidatat. Food truck quinua nesciunt laborum eiusmod. Brunch 3 lobo luna tempor<br></p>','es_ES','2021-07-11 09:21:50','2021-07-11 09:21:50'),
	(15,'Cul es tu color favorito?','publish','','<p>Anim pariatur clich reprehenderit, enim eiusmod high life accusamus terryrichardson ad squid. 3 wolf moon officia aute, brunch de color sin monopatn cupidatat. Food truck quinua nesciunt laborum eiusmod. Brunch 3 lobo luna tempor<br></p>','es_ES','2021-07-11 09:22:31','2021-07-11 09:22:31'),
	(16,'Cul es la parte ms delicada de tu cuerpo?','publish','','<p>Anim pariatur clich reprehenderit, enim eiusmod high life accusamus terryrichardson ad squid. 3 wolf moon officia aute, brunch de color sin monopatn cupidatat. Food truck quinua nesciunt laborum eiusmod. Brunch 3 lobo luna tempor<br></p>','es_ES','2021-07-11 09:23:32','2021-07-11 09:23:32'),
	(17,'Qu te hace ms feliz?','publish','','<p>Anim pariatur clich reprehenderit, enim eiusmod high life accusamus terryrichardson ad squid. 3 wolf moon officia aute, brunch de color sin monopatn cupidatat. Food truck quinua nesciunt laborum eiusmod. Brunch 3 lobo luna tempor<br></p>','es_ES','2021-07-11 09:24:11','2021-07-11 09:24:11'),
	(18,'Cul es tu primer recuerdo?','publish','on','<p>Anim pariatur clich reprehenderit, enim eiusmod high life accusamus terryrichardson ad squid. 3 wolf moon officia aute, brunch de color sin monopatn cupidatat. Food truck quinua nesciunt laborum eiusmod. Brunch 3 lobo luna tempor<br></p>','es_ES','2021-07-11 09:26:10','2021-07-11 09:26:10'),
	(22,'Which dead celebrity do you most identify with?','draft','','<p><span style=\"text-align: justify;\">Anim pariatur cliche reprehenderit, enim eiusmod high life accusamus terryrichardson ad squid. 3 wolf moon officia aute, non cupidatat skateboarddolor brunch. Food truck quinoa nesciunt laborum eiusmod. Brunch 3 wolf moon tempor</span><br></p>',NULL,'2021-07-11 10:51:25','2021-07-11 10:51:25'),
	(23,'Which dead celebrity do you most identify with?','draft','','<p><span style=\"text-align: justify;\">Anim pariatur cliche reprehenderit, enim eiusmod high life accusamus terryrichardson ad squid. 3 wolf moon officia aute, non cupidatat skateboarddolor brunch. Food truck quinoa nesciunt laborum eiusmod. Brunch 3 wolf moon tempor&nbsp;</span><br></p>',NULL,'2021-07-11 10:57:12','2021-07-11 10:57:12'),
	(24,'Which dead celebrity do you most identify with?','draft','','<p><span style=\"text-align: justify;\">Anim pariatur cliche reprehenderit, enim eiusmod high life accusamus terryrichardson ad squid. 3 wolf moon officia aute, non cupidatat skateboarddolor brunch. Food truck quinoa nesciunt laborum eiusmod. Brunch 3 wolf moon tempor&nbsp;</span><br></p>',NULL,'2021-07-11 11:00:15','2021-07-11 11:00:15');

/*!40000 ALTER TABLE `faqs` ENABLE KEYS */;
UNLOCK TABLES;


# Dump of table knowledgebase_topics
# ------------------------------------------------------------

DROP TABLE IF EXISTS `knowledgebase_topics`;

CREATE TABLE `knowledgebase_topics` (
  `id` bigint(20) unsigned NOT NULL AUTO_INCREMENT,
  `title` text COLLATE utf8mb4_unicode_ci NOT NULL,
  `status` varchar(191) COLLATE utf8mb4_unicode_ci DEFAULT NULL,
  `lang` varchar(191) COLLATE utf8mb4_unicode_ci DEFAULT NULL,
  `image` varchar(191) COLLATE utf8mb4_unicode_ci DEFAULT NULL,
  `created_at` timestamp NULL DEFAULT NULL,
  `updated_at` timestamp NULL DEFAULT NULL,
  PRIMARY KEY (`id`)
) ENGINE=InnoDB DEFAULT CHARSET=utf8mb4 COLLATE=utf8mb4_unicode_ci;

LOCK TABLES `knowledgebase_topics` WRITE;
/*!40000 ALTER TABLE `knowledgebase_topics` DISABLE KEYS */;

INSERT INTO `knowledgebase_topics` (`id`, `title`, `status`, `lang`, `image`, `created_at`, `updated_at`)
VALUES
	(1,'Account','publish','en_GB','31','2021-07-11 11:44:00','2021-07-13 07:49:01'),
	(2,'API Documentation','publish','en_GB','30','2021-07-11 11:58:53','2021-07-13 07:48:27'),
	(3,'Payment','publish','en_GB','29','2021-07-11 11:59:38','2021-07-13 07:47:45'),
	(4,'Security','publish','en_GB','28','2021-07-11 12:00:08','2021-07-13 07:47:02'),
	(5,'Customization','publish','en_GB','27','2021-07-11 12:01:54','2021-07-13 07:46:25'),
	(6,'Troubleshooting','publish','en_GB','30','2021-07-11 12:02:24','2021-07-13 07:45:48'),
	(7,'  ','publish','ar','31','2021-07-11 12:03:48','2021-07-12 13:42:10'),
	(8,'','publish','ar','30','2021-07-11 12:04:20','2021-07-12 13:41:42'),
	(9,'','publish','ar','29','2021-07-11 12:05:10','2021-07-12 13:41:15'),
	(10,'','publish','ar','28','2021-07-11 12:06:20','2021-07-12 13:39:51'),
	(11,'','publish','ar','27','2021-07-11 12:07:08','2021-07-12 13:39:08'),
	(12,'','publish','ar','26','2021-07-11 12:07:34','2021-07-12 13:38:32'),
	(13,'Solucin proble','publish','es_ES','32','2021-07-11 12:08:09','2021-08-12 13:04:00'),
	(14,'Personalizacin','publish','es_ES','31','2021-07-11 12:08:29','2021-07-12 13:45:32'),
	(15,'Seguridad','publish','es_ES','30','2021-07-11 12:09:42','2021-07-12 13:44:49'),
	(16,'Pago','publish','es_ES','28','2021-07-11 12:10:06','2021-07-12 13:42:49'),
	(17,'Documento API','publish','es_ES','42','2021-07-11 12:10:58','2021-08-12 13:04:16'),
	(18,'Cuenta','publish','es_ES','27','2021-07-11 12:12:23','2021-07-12 13:43:27'),
	(19,'Test-1','publish','en_GB','32','2021-07-13 04:33:27','2021-07-13 07:45:03');

/*!40000 ALTER TABLE `knowledgebase_topics` ENABLE KEYS */;
UNLOCK TABLES;


# Dump of table knowledgebases
# ------------------------------------------------------------

DROP TABLE IF EXISTS `knowledgebases`;

CREATE TABLE `knowledgebases` (
  `id` bigint(20) unsigned NOT NULL AUTO_INCREMENT,
  `topic_id` varchar(191) COLLATE utf8mb4_unicode_ci DEFAULT NULL,
  `title` text COLLATE utf8mb4_unicode_ci NOT NULL,
  `content` longtext COLLATE utf8mb4_unicode_ci,
  `status` varchar(191) COLLATE utf8mb4_unicode_ci DEFAULT NULL,
  `slug` varchar(191) COLLATE utf8mb4_unicode_ci DEFAULT NULL,
  `views` varchar(191) COLLATE utf8mb4_unicode_ci DEFAULT NULL,
  `image` varchar(191) COLLATE utf8mb4_unicode_ci DEFAULT NULL,
  `lang` varchar(191) COLLATE utf8mb4_unicode_ci DEFAULT NULL,
  `meta_title` varchar(191) COLLATE utf8mb4_unicode_ci DEFAULT NULL,
  `meta_description` text COLLATE utf8mb4_unicode_ci,
  `meta_tags` text COLLATE utf8mb4_unicode_ci,
  `og_meta_title` varchar(191) COLLATE utf8mb4_unicode_ci DEFAULT NULL,
  `og_meta_description` text COLLATE utf8mb4_unicode_ci,
  `og_meta_image` varchar(191) COLLATE utf8mb4_unicode_ci DEFAULT NULL,
  `created_at` timestamp NULL DEFAULT NULL,
  `updated_at` timestamp NULL DEFAULT NULL,
  PRIMARY KEY (`id`)
) ENGINE=InnoDB DEFAULT CHARSET=utf8mb4 COLLATE=utf8mb4_unicode_ci;

LOCK TABLES `knowledgebases` WRITE;
/*!40000 ALTER TABLE `knowledgebases` DISABLE KEYS */;

INSERT INTO `knowledgebases` (`id`, `topic_id`, `title`, `content`, `status`, `slug`, `views`, `image`, `lang`, `meta_title`, `meta_description`, `meta_tags`, `og_meta_title`, `og_meta_description`, `og_meta_image`, `created_at`, `updated_at`)
VALUES
	(1,'1','How to use this documentation?','<p><span style=\"color: rgb(102, 102, 102); font-family: &quot;Open Sans&quot;, sans-serif; font-size: 16px;\">One advanced diverted domestic sex repeated bringing you old. Possible procured her trifling laughter thoughts property she met way. Companions shy had solicitude favourable own. Which could saw guest man now heard but. Lasted my coming uneasy marked so should. Gravity letters it amongst herself dearest an windows by. Wooded ladies she basket season age her uneasy saw. Discourse unwilling am no described dejection incommode no listening of. Before nature his parish boyFolly words widow one downs few age every seven. If miss part by fact he park just shew. Discovered had get considered projection who favourable. Necessary up knowledge it tolerably. Unwilling departure education is be dashwoods or an. Use off agreeable law unwilling sir deficient curiosity instantly. Easy mind life fact with see has bore ten. Parish any chatty can elinor direct for former. Up as meant widow equal an share least.Another journey chamber way yet females man. Way extensive and dejection get delivered deficient sincerity gentleman age. Too end instrument possession contrasted motionless. Calling offence six joy feeling. Coming merits and was talent enough far. Sir joy northward sportsmen education. Discovery incommode earnestly no he commanded if. Put still any about manor heard.</span><br></p>','publish','how-to-use-this-documentation','69','33','en_GB','test','test','test','test','test',NULL,'2021-07-12 05:08:34','2021-08-27 12:12:24'),
	(2,'1','How to find topics?','<p class=\"info\" style=\"outline: none; -webkit-font-smoothing: antialiased; margin-bottom: 24px; color: rgb(102, 102, 102); hyphens: auto; line-height: 24px; font-size: 16px; font-family: &quot;Open Sans&quot;, sans-serif;\">Folly words widow one downs few age every seven. If miss part by fact he park just shew. Discovered had get considered projection who favourable. Necessary up knowledge it tolerably. Unwilling departure education is be dashwoods or an. Use off agreeable law unwilling sir deficient curiosity instantly. Easy mind life fact with see has bore ten. Parish any chatty can elinor direct for former. Up as meant widow equal an share least.Another journey chamber way yet females man. Way extensive and dejection get delivered deficient sincerity gentleman age. Too end instrument possession contrasted motionless. Calling offence six joy feeling. Coming merits and was talent enough far. Sir joy northward sportsmen education. Discovery incommode earnestly no he commanded if. Put still any about manor heard.Folly words widow one downs few age every seven. If miss part by fact he park just shew. Discovered had get considered projection who favourable. Necessary up knowledge it tolerably. Unwilling departure education is be dashwoods or an. Use off agreeable law unwilling sir deficient curiosity instantly. Easy mind life fact with see has bore ten. Parish any chatty can elinor direct for former. Up as meant widow equal an share least.Another journey chamber way yet females man. Way extensive and dejection get delivered deficient sincerity gentleman age. Too end instrument possession contrasted motionless. Calling offence six joy feeling. Coming merits and was talent enough far. Sir joy northward sportsmen education. Discovery incommode earnestly no he commanded if. Put still any about manor heard.</p>','publish','how-to-find-topics','74','33','en_GB','test','test','test','test','test',NULL,'2021-07-12 05:34:03','2021-08-27 12:12:16'),
	(3,'1','What is included and why?','<p class=\"info\" style=\"outline: none; -webkit-font-smoothing: antialiased; margin-bottom: 24px; color: rgb(102, 102, 102); hyphens: auto; line-height: 24px; font-size: 16px; font-family: &quot;Open Sans&quot;, sans-serif;\">Folly words widow one downs few age every seven. If miss part by fact he park just shew. Discovered had get considered projection who favourable. Necessary up knowledge it tolerably. Unwilling departure education is be dashwoods or an. Use off agreeable law unwilling sir deficient curiosity instantly. Easy mind life fact with see has bore ten. Parish any chatty can elinor direct for former. Up as meant widow equal an share least.Another journey chamber way yet females man. Way extensive and dejection get delivered deficient sincerity gentleman age. Too end instrument possession contrasted motionless. Calling offence six joy feeling. Coming merits and was talent enough far. Sir joy northward sportsmen education. Discovery incommode earnestly no he commanded if. Put still any about manor heard.Folly words widow one downs few age every seven. If miss part by fact he park just shew. Discovered had get considered projection who favourable. Necessary up knowledge it tolerably. Unwilling departure education is be dashwoods or an. Use off agreeable law unwilling sir deficient curiosity instantly. Easy mind life fact with see has bore ten. Parish any chatty can elinor direct for former. Up as meant widow equal an share least.Another journey chamber way yet females man. Way extensive and dejection get delivered deficient sincerity gentleman age. Too end instrument possession contrasted motionless. Calling offence six joy feeling. Coming merits and was talent enough far. Sir joy northward sportsmen education. Discovery incommode earnestly no he commanded if. Put still any about manor heard.</p>','publish','what-is-included-and-why','112','33','en_GB','test','test','test','test','test',NULL,'2021-07-12 05:36:15','2021-08-25 17:56:40'),
	(4,'2','How to use this documentation?','<p><span style=\"color: rgb(102, 102, 102); font-family: &quot;Open Sans&quot;, sans-serif; font-size: 16px;\">One advanced diverted domestic sex repeated bringing you old. Possible procured her trifling laughter thoughts property she met way. Companions shy had solicitude favourable own. Which could saw guest man now heard but. Lasted my coming uneasy marked so should. Gravity letters it amongst herself dearest an windows by. Wooded ladies she basket season age her uneasy saw. Discourse unwilling am no described dejection incommode no listening of. Before nature his parish boyFolly words widow one downs few age every seven. If miss part by fact he park just shew. Discovered had get considered projection who favourable. Necessary up knowledge it tolerably. Unwilling departure education is be dashwoods or an. Use off agreeable law unwilling sir deficient curiosity instantly. Easy mind life fact with see has bore ten. Parish any chatty can elinor direct for former. Up as meant widow equal an share least.Another journey chamber way yet females man. Way extensive and dejection get delivered deficient sincerity gentleman age. Too end instrument possession contrasted motionless. Calling offence six joy feeling. Coming merits and was talent enough far. Sir joy northward sportsmen education. Discovery incommode earnestly no he commanded if. Put still any about manor heard.</span><br></p>','publish','how-to-use-this-documentation',NULL,'33','en_GB','test','test','test','test','test','15','2021-07-12 05:37:41','2021-07-12 10:25:10'),
	(5,'2','How to find topics?','<p class=\"info\" style=\"outline: none; -webkit-font-smoothing: antialiased; margin-bottom: 24px; color: rgb(102, 102, 102); hyphens: auto; line-height: 24px; font-size: 16px; font-family: &quot;Open Sans&quot;, sans-serif;\">Folly words widow one downs few age every seven. If miss part by fact he park just shew. Discovered had get considered projection who favourable. Necessary up knowledge it tolerably. Unwilling departure education is be dashwoods or an. Use off agreeable law unwilling sir deficient curiosity instantly. Easy mind life fact with see has bore ten. Parish any chatty can elinor direct for former. Up as meant widow equal an share least.Another journey chamber way yet females man. Way extensive and dejection get delivered deficient sincerity gentleman age. Too end instrument possession contrasted motionless. Calling offence six joy feeling. Coming merits and was talent enough far. Sir joy northward sportsmen education. Discovery incommode earnestly no he commanded if. Put still any about manor heard.Folly words widow one downs few age every seven. If miss part by fact he park just shew. Discovered had get considered projection who favourable. Necessary up knowledge it tolerably. Unwilling departure education is be dashwoods or an. Use off agreeable law unwilling sir deficient curiosity instantly. Easy mind life fact with see has bore ten. Parish any chatty can elinor direct for former. Up as meant widow equal an share least.Another journey chamber way yet females man. Way extensive and dejection get delivered deficient sincerity gentleman age. Too end instrument possession contrasted motionless. Calling offence six joy feeling. Coming merits and was talent enough far. Sir joy northward sportsmen education. Discovery incommode earnestly no he commanded if. Put still any about manor heard.</p>','publish','how-to-find-topics',NULL,'33','en_GB','test','test','test','test','test',NULL,'2021-07-12 07:01:41','2021-07-12 10:24:08'),
	(6,'2','What is included and why?','<p class=\"info\" style=\"outline: none; -webkit-font-smoothing: antialiased; margin-bottom: 24px; color: rgb(102, 102, 102); hyphens: auto; line-height: 24px; font-size: 16px; font-family: &quot;Open Sans&quot;, sans-serif;\">Folly words widow one downs few age every seven. If miss part by fact he park just shew. Discovered had get considered projection who favourable. Necessary up knowledge it tolerably. Unwilling departure education is be dashwoods or an. Use off agreeable law unwilling sir deficient curiosity instantly. Easy mind life fact with see has bore ten. Parish any chatty can elinor direct for former. Up as meant widow equal an share least.Another journey chamber way yet females man. Way extensive and dejection get delivered deficient sincerity gentleman age. Too end instrument possession contrasted motionless. Calling offence six joy feeling. Coming merits and was talent enough far. Sir joy northward sportsmen education. Discovery incommode earnestly no he commanded if. Put still any about manor heard.Folly words widow one downs few age every seven. If miss part by fact he park just shew. Discovered had get considered projection who favourable. Necessary up knowledge it tolerably. Unwilling departure education is be dashwoods or an. Use off agreeable law unwilling sir deficient curiosity instantly. Easy mind life fact with see has bore ten. Parish any chatty can elinor direct for former. Up as meant widow equal an share least.Another journey chamber way yet females man. Way extensive and dejection get delivered deficient sincerity gentleman age. Too end instrument possession contrasted motionless. Calling offence six joy feeling. Coming merits and was talent enough far. Sir joy northward sportsmen education. Discovery incommode earnestly no he commanded if. Put still any about manor heard.</p>','publish','what-is-included-and-why',NULL,'33','en_GB','test','test','test','test','test',NULL,'2021-07-12 07:02:50','2021-07-12 10:23:21'),
	(7,'3','How to use this documentation?','<p><span style=\"color: rgb(102, 102, 102); font-family: &quot;Open Sans&quot;, sans-serif; font-size: 16px;\">One advanced diverted domestic sex repeated bringing you old. Possible procured her trifling laughter thoughts property she met way. Companions shy had solicitude favourable own. Which could saw guest man now heard but. Lasted my coming uneasy marked so should. Gravity letters it amongst herself dearest an windows by. Wooded ladies she basket season age her uneasy saw. Discourse unwilling am no described dejection incommode no listening of. Before nature his parish boyFolly words widow one downs few age every seven. If miss part by fact he park just shew. Discovered had get considered projection who favourable. Necessary up knowledge it tolerably. Unwilling departure education is be dashwoods or an. Use off agreeable law unwilling sir deficient curiosity instantly. Easy mind life fact with see has bore ten. Parish any chatty can elinor direct for former. Up as meant widow equal an share least.Another journey chamber way yet females man. Way extensive and dejection get delivered deficient sincerity gentleman age. Too end instrument possession contrasted motionless. Calling offence six joy feeling. Coming merits and was talent enough far. Sir joy northward sportsmen education. Discovery incommode earnestly no he commanded if. Put still any about manor heard.</span><br></p>','publish','how-to-use-this-documentation',NULL,'33','en_GB','test','test','test','test','test',NULL,'2021-07-12 07:03:54','2021-07-12 10:22:30'),
	(8,'3','How to find topics?','<p class=\"info\" style=\"outline: none; -webkit-font-smoothing: antialiased; margin-bottom: 24px; color: rgb(102, 102, 102); hyphens: auto; line-height: 24px; font-size: 16px; font-family: &quot;Open Sans&quot;, sans-serif;\">Folly words widow one downs few age every seven. If miss part by fact he park just shew. Discovered had get considered projection who favourable. Necessary up knowledge it tolerably. Unwilling departure education is be dashwoods or an. Use off agreeable law unwilling sir deficient curiosity instantly. Easy mind life fact with see has bore ten. Parish any chatty can elinor direct for former. Up as meant widow equal an share least.Another journey chamber way yet females man. Way extensive and dejection get delivered deficient sincerity gentleman age. Too end instrument possession contrasted motionless. Calling offence six joy feeling. Coming merits and was talent enough far. Sir joy northward sportsmen education. Discovery incommode earnestly no he commanded if. Put still any about manor heard.Folly words widow one downs few age every seven. If miss part by fact he park just shew. Discovered had get considered projection who favourable. Necessary up knowledge it tolerably. Unwilling departure education is be dashwoods or an. Use off agreeable law unwilling sir deficient curiosity instantly. Easy mind life fact with see has bore ten. Parish any chatty can elinor direct for former. Up as meant widow equal an share least.Another journey chamber way yet females man. Way extensive and dejection get delivered deficient sincerity gentleman age. Too end instrument possession contrasted motionless. Calling offence six joy feeling. Coming merits and was talent enough far. Sir joy northward sportsmen education. Discovery incommode earnestly no he commanded if. Put still any about manor heard.</p>','publish','how-to-find-topics',NULL,'33','en_GB','test','test','test','test','test',NULL,'2021-07-12 07:05:10','2021-07-12 10:21:16'),
	(9,'3','What is included and why?','<p class=\"info\" style=\"outline: none; -webkit-font-smoothing: antialiased; margin-bottom: 24px; color: rgb(102, 102, 102); hyphens: auto; line-height: 24px; font-size: 16px; font-family: &quot;Open Sans&quot;, sans-serif;\">Folly words widow one downs few age every seven. If miss part by fact he park just shew. Discovered had get considered projection who favourable. Necessary up knowledge it tolerably. Unwilling departure education is be dashwoods or an. Use off agreeable law unwilling sir deficient curiosity instantly. Easy mind life fact with see has bore ten. Parish any chatty can elinor direct for former. Up as meant widow equal an share least.Another journey chamber way yet females man. Way extensive and dejection get delivered deficient sincerity gentleman age. Too end instrument possession contrasted motionless. Calling offence six joy feeling. Coming merits and was talent enough far. Sir joy northward sportsmen education. Discovery incommode earnestly no he commanded if. Put still any about manor heard.Folly words widow one downs few age every seven. If miss part by fact he park just shew. Discovered had get considered projection who favourable. Necessary up knowledge it tolerably. Unwilling departure education is be dashwoods or an. Use off agreeable law unwilling sir deficient curiosity instantly. Easy mind life fact with see has bore ten. Parish any chatty can elinor direct for former. Up as meant widow equal an share least.Another journey chamber way yet females man. Way extensive and dejection get delivered deficient sincerity gentleman age. Too end instrument possession contrasted motionless. Calling offence six joy feeling. Coming merits and was talent enough far. Sir joy northward sportsmen education. Discovery incommode earnestly no he commanded if. Put still any about manor heard.</p>','publish','what-is-included-and-why',NULL,'33','en_GB','test','test','test','test','test',NULL,'2021-07-12 07:07:08','2021-07-12 10:20:27'),
	(10,'4','How to use this documentation?','<p><span style=\"color: rgb(102, 102, 102); font-family: &quot;Open Sans&quot;, sans-serif; font-size: 16px;\">One advanced diverted domestic sex repeated bringing you old. Possible procured her trifling laughter thoughts property she met way. Companions shy had solicitude favourable own. Which could saw guest man now heard but. Lasted my coming uneasy marked so should. Gravity letters it amongst herself dearest an windows by. Wooded ladies she basket season age her uneasy saw. Discourse unwilling am no described dejection incommode no listening of. Before nature his parish boyFolly words widow one downs few age every seven. If miss part by fact he park just shew. Discovered had get considered projection who favourable. Necessary up knowledge it tolerably. Unwilling departure education is be dashwoods or an. Use off agreeable law unwilling sir deficient curiosity instantly. Easy mind life fact with see has bore ten. Parish any chatty can elinor direct for former. Up as meant widow equal an share least.Another journey chamber way yet females man. Way extensive and dejection get delivered deficient sincerity gentleman age. Too end instrument possession contrasted motionless. Calling offence six joy feeling. Coming merits and was talent enough far. Sir joy northward sportsmen education. Discovery incommode earnestly no he commanded if. Put still any about manor heard.</span><br></p>','publish','how-to-use-this-documentation',NULL,'33','en_GB','test','test','test','test','test',NULL,'2021-07-12 07:08:22','2021-07-12 10:19:38'),
	(11,'4','How to find topics?','<p class=\"info\" style=\"outline: none; -webkit-font-smoothing: antialiased; margin-bottom: 24px; color: rgb(102, 102, 102); hyphens: auto; line-height: 24px; font-size: 16px; font-family: &quot;Open Sans&quot;, sans-serif;\">Folly words widow one downs few age every seven. If miss part by fact he park just shew. Discovered had get considered projection who favourable. Necessary up knowledge it tolerably. Unwilling departure education is be dashwoods or an. Use off agreeable law unwilling sir deficient curiosity instantly. Easy mind life fact with see has bore ten. Parish any chatty can elinor direct for former. Up as meant widow equal an share least.Another journey chamber way yet females man. Way extensive and dejection get delivered deficient sincerity gentleman age. Too end instrument possession contrasted motionless. Calling offence six joy feeling. Coming merits and was talent enough far. Sir joy northward sportsmen education. Discovery incommode earnestly no he commanded if. Put still any about manor heard.Folly words widow one downs few age every seven. If miss part by fact he park just shew. Discovered had get considered projection who favourable. Necessary up knowledge it tolerably. Unwilling departure education is be dashwoods or an. Use off agreeable law unwilling sir deficient curiosity instantly. Easy mind life fact with see has bore ten. Parish any chatty can elinor direct for former. Up as meant widow equal an share least.Another journey chamber way yet females man. Way extensive and dejection get delivered deficient sincerity gentleman age. Too end instrument possession contrasted motionless. Calling offence six joy feeling. Coming merits and was talent enough far. Sir joy northward sportsmen education. Discovery incommode earnestly no he commanded if. Put still any about manor heard.</p>','publish','how-to-find-topics',NULL,'33','en_GB','test','test','test','test','test',NULL,'2021-07-12 07:10:06','2021-07-12 10:18:43'),
	(12,'4','How to use this documentation?','<p><span style=\"color: rgb(102, 102, 102); font-family: &quot;Open Sans&quot;, sans-serif; font-size: 16px;\">One advanced diverted domestic sex repeated bringing you old. Possible procured her trifling laughter thoughts property she met way. Companions shy had solicitude favourable own. Which could saw guest man now heard but. Lasted my coming uneasy marked so should. Gravity letters it amongst herself dearest an windows by. Wooded ladies she basket season age her uneasy saw. Discourse unwilling am no described dejection incommode no listening of. Before nature his parish boyFolly words widow one downs few age every seven. If miss part by fact he park just shew. Discovered had get considered projection who favourable. Necessary up knowledge it tolerably. Unwilling departure education is be dashwoods or an. Use off agreeable law unwilling sir deficient curiosity instantly. Easy mind life fact with see has bore ten. Parish any chatty can elinor direct for former. Up as meant widow equal an share least.Another journey chamber way yet females man. Way extensive and dejection get delivered deficient sincerity gentleman age. Too end instrument possession contrasted motionless. Calling offence six joy feeling. Coming merits and was talent enough far. Sir joy northward sportsmen education. Discovery incommode earnestly no he commanded if. Put still any about manor heard.</span><br></p>','publish','how-to-use-this-documentation',NULL,'33','en_GB','test','test','test','test','test',NULL,'2021-07-12 07:12:22','2021-07-12 10:17:40'),
	(13,'5','How to use this documentation?','<p><span style=\"color: rgb(102, 102, 102); font-family: &quot;Open Sans&quot;, sans-serif; font-size: 16px;\">One advanced diverted domestic sex repeated bringing you old. Possible procured her trifling laughter thoughts property she met way. Companions shy had solicitude favourable own. Which could saw guest man now heard but. Lasted my coming uneasy marked so should. Gravity letters it amongst herself dearest an windows by. Wooded ladies she basket season age her uneasy saw. Discourse unwilling am no described dejection incommode no listening of. Before nature his parish boyFolly words widow one downs few age every seven. If miss part by fact he park just shew. Discovered had get considered projection who favourable. Necessary up knowledge it tolerably. Unwilling departure education is be dashwoods or an. Use off agreeable law unwilling sir deficient curiosity instantly. Easy mind life fact with see has bore ten. Parish any chatty can elinor direct for former. Up as meant widow equal an share least.Another journey chamber way yet females man. Way extensive and dejection get delivered deficient sincerity gentleman age. Too end instrument possession contrasted motionless. Calling offence six joy feeling. Coming merits and was talent enough far. Sir joy northward sportsmen education. Discovery incommode earnestly no he commanded if. Put still any about manor heard.</span><br></p>','publish','how-to-use-this-documentation',NULL,'33','en_GB','test','test','test','test','test',NULL,'2021-07-12 07:14:28','2021-07-12 10:16:24'),
	(14,'5','How to find topics?','<p class=\"info\" style=\"outline: none; -webkit-font-smoothing: antialiased; margin-bottom: 24px; color: rgb(102, 102, 102); hyphens: auto; line-height: 24px; font-size: 16px; font-family: &quot;Open Sans&quot;, sans-serif;\">Folly words widow one downs few age every seven. If miss part by fact he park just shew. Discovered had get considered projection who favourable. Necessary up knowledge it tolerably. Unwilling departure education is be dashwoods or an. Use off agreeable law unwilling sir deficient curiosity instantly. Easy mind life fact with see has bore ten. Parish any chatty can elinor direct for former. Up as meant widow equal an share least.Another journey chamber way yet females man. Way extensive and dejection get delivered deficient sincerity gentleman age. Too end instrument possession contrasted motionless. Calling offence six joy feeling. Coming merits and was talent enough far. Sir joy northward sportsmen education. Discovery incommode earnestly no he commanded if. Put still any about manor heard.Folly words widow one downs few age every seven. If miss part by fact he park just shew. Discovered had get considered projection who favourable. Necessary up knowledge it tolerably. Unwilling departure education is be dashwoods or an. Use off agreeable law unwilling sir deficient curiosity instantly. Easy mind life fact with see has bore ten. Parish any chatty can elinor direct for former. Up as meant widow equal an share least.Another journey chamber way yet females man. Way extensive and dejection get delivered deficient sincerity gentleman age. Too end instrument possession contrasted motionless. Calling offence six joy feeling. Coming merits and was talent enough far. Sir joy northward sportsmen education. Discovery incommode earnestly no he commanded if. Put still any about manor heard.</p>','publish','how-to-find-topics',NULL,'33','en_GB','test','test','test','test','test',NULL,'2021-07-12 07:17:49','2021-07-12 10:15:24'),
	(15,'5','What is included and why?','<p class=\"info\" style=\"outline: none; -webkit-font-smoothing: antialiased; margin-bottom: 24px; color: rgb(102, 102, 102); hyphens: auto; line-height: 24px; font-size: 16px; font-family: &quot;Open Sans&quot;, sans-serif;\">Folly words widow one downs few age every seven. If miss part by fact he park just shew. Discovered had get considered projection who favourable. Necessary up knowledge it tolerably. Unwilling departure education is be dashwoods or an. Use off agreeable law unwilling sir deficient curiosity instantly. Easy mind life fact with see has bore ten. Parish any chatty can elinor direct for former. Up as meant widow equal an share least.Another journey chamber way yet females man. Way extensive and dejection get delivered deficient sincerity gentleman age. Too end instrument possession contrasted motionless. Calling offence six joy feeling. Coming merits and was talent enough far. Sir joy northward sportsmen education. Discovery incommode earnestly no he commanded if. Put still any about manor heard.Folly words widow one downs few age every seven. If miss part by fact he park just shew. Discovered had get considered projection who favourable. Necessary up knowledge it tolerably. Unwilling departure education is be dashwoods or an. Use off agreeable law unwilling sir deficient curiosity instantly. Easy mind life fact with see has bore ten. Parish any chatty can elinor direct for former. Up as meant widow equal an share least.Another journey chamber way yet females man. Way extensive and dejection get delivered deficient sincerity gentleman age. Too end instrument possession contrasted motionless. Calling offence six joy feeling. Coming merits and was talent enough far. Sir joy northward sportsmen education. Discovery incommode earnestly no he commanded if. Put still any about manor heard.</p>','publish','what-is-included-and-why',NULL,'33','en_GB','test','test','test','test','test',NULL,'2021-07-12 07:20:44','2021-07-12 10:14:04'),
	(16,'6','How to use this documentation?','<p><span style=\"color: rgb(102, 102, 102); font-family: &quot;Open Sans&quot;, sans-serif; font-size: 16px;\">One advanced diverted domestic sex repeated bringing you old. Possible procured her trifling laughter thoughts property she met way. Companions shy had solicitude favourable own. Which could saw guest man now heard but. Lasted my coming uneasy marked so should. Gravity letters it amongst herself dearest an windows by. Wooded ladies she basket season age her uneasy saw. Discourse unwilling am no described dejection incommode no listening of. Before nature his parish boyFolly words widow one downs few age every seven. If miss part by fact he park just shew. Discovered had get considered projection who favourable. Necessary up knowledge it tolerably. Unwilling departure education is be dashwoods or an. Use off agreeable law unwilling sir deficient curiosity instantly. Easy mind life fact with see has bore ten. Parish any chatty can elinor direct for former. Up as meant widow equal an share least.Another journey chamber way yet females man. Way extensive and dejection get delivered deficient sincerity gentleman age. Too end instrument possession contrasted motionless. Calling offence six joy feeling. Coming merits and was talent enough far. Sir joy northward sportsmen education. Discovery incommode earnestly no he commanded if. Put still any about manor heard.</span><br></p>','publish','how-to-use-this-documentation',NULL,'33','en_GB','test','test','test','test','test',NULL,'2021-07-12 07:26:53','2021-07-12 10:12:20'),
	(17,'6','How to find topics?','<p class=\"info\" style=\"outline: none; -webkit-font-smoothing: antialiased; margin-bottom: 24px; color: rgb(102, 102, 102); hyphens: auto; line-height: 24px; font-size: 16px; font-family: &quot;Open Sans&quot;, sans-serif;\">Folly words widow one downs few age every seven. If miss part by fact he park just shew. Discovered had get considered projection who favourable. Necessary up knowledge it tolerably. Unwilling departure education is be dashwoods or an. Use off agreeable law unwilling sir deficient curiosity instantly. Easy mind life fact with see has bore ten. Parish any chatty can elinor direct for former. Up as meant widow equal an share least.Another journey chamber way yet females man. Way extensive and dejection get delivered deficient sincerity gentleman age. Too end instrument possession contrasted motionless. Calling offence six joy feeling. Coming merits and was talent enough far. Sir joy northward sportsmen education. Discovery incommode earnestly no he commanded if. Put still any about manor heard.Folly words widow one downs few age every seven. If miss part by fact he park just shew. Discovered had get considered projection who favourable. Necessary up knowledge it tolerably. Unwilling departure education is be dashwoods or an. Use off agreeable law unwilling sir deficient curiosity instantly. Easy mind life fact with see has bore ten. Parish any chatty can elinor direct for former. Up as meant widow equal an share least.Another journey chamber way yet females man. Way extensive and dejection get delivered deficient sincerity gentleman age. Too end instrument possession contrasted motionless. Calling offence six joy feeling. Coming merits and was talent enough far. Sir joy northward sportsmen education. Discovery incommode earnestly no he commanded if. Put still any about manor heard.</p>','publish','how-to-find-topics',NULL,'54','en_GB','test','test','test','test','test',NULL,'2021-07-12 07:28:29','2021-07-31 12:27:18'),
	(18,'6','What is included and why?','<p class=\"info\" style=\"outline: none; -webkit-font-smoothing: antialiased; margin-bottom: 24px; color: rgb(102, 102, 102); hyphens: auto; line-height: 24px; font-size: 16px; font-family: &quot;Open Sans&quot;, sans-serif;\">Folly words widow one downs few age every seven. If miss part by fact he park just shew. Discovered had get considered projection who favourable. Necessary up knowledge it tolerably. Unwilling departure education is be dashwoods or an. Use off agreeable law unwilling sir deficient curiosity instantly. Easy mind life fact with see has bore ten. Parish any chatty can elinor direct for former. Up as meant widow equal an share least.Another journey chamber way yet females man. Way extensive and dejection get delivered deficient sincerity gentleman age. Too end instrument possession contrasted motionless. Calling offence six joy feeling. Coming merits and was talent enough far. Sir joy northward sportsmen education. Discovery incommode earnestly no he commanded if. Put still any about manor heard.Folly words widow one downs few age every seven. If miss part by fact he park just shew. Discovered had get considered projection who favourable. Necessary up knowledge it tolerably. Unwilling departure education is be dashwoods or an. Use off agreeable law unwilling sir deficient curiosity instantly. Easy mind life fact with see has bore ten. Parish any chatty can elinor direct for former. Up as meant widow equal an share least.Another journey chamber way yet females man. Way extensive and dejection get delivered deficient sincerity gentleman age. Too end instrument possession contrasted motionless. Calling offence six joy feeling. Coming merits and was talent enough far. Sir joy northward sportsmen education. Discovery incommode earnestly no he commanded if. Put still any about manor heard.</p>','publish','what-is-included-and-why',NULL,'49','en_GB','test','test','test','test','test',NULL,'2021-07-12 07:29:45','2021-07-31 12:16:18'),
	(19,'7','   ','<p><font color=\"#666666\" face=\"Open Sans, sans-serif\"><span style=\"font-size: 16px;\">           .           .      .        .       .       .        .          .                  .         .       .       .          .           .          .        .              .           .      .     .        .     .     .       .</span></font><br></p>','publish','kayf-tustakhdim-hadhih-alwathayiqu','4','33','ar','','','','','',NULL,'2021-07-12 07:31:18','2021-08-16 05:09:28'),
	(20,'7','   ','<p><font color=\"#666666\" face=\"Open Sans, sans-serif\"><span style=\"font-size: 16px;\">           .           .      .        .       .       .        .          .                  .         .       .       .          .           .          .        .              .           .      .     .        .     .     .       .</span></font><br></p>','publish','kayf-tustakhdim-hadhih-alwathayiqu',NULL,NULL,'ar','','','','','',NULL,'2021-07-12 07:35:47','2021-07-12 10:42:58'),
	(21,'7','   ','<p><font color=\"#666666\" face=\"Open Sans, sans-serif\"><span style=\"font-size: 16px;\">           .           .      .        .       .       .        .          .                  .         .       .       .          .           .          .        .              .           .      .     .        .     .     .       .</span></font><br></p>','publish','ma-hu-mudraj-walimadha',NULL,'33','ar','','','','','',NULL,'2021-07-12 07:38:26','2021-07-12 10:41:59'),
	(22,'8','  .','<p><font color=\"#666666\" face=\"Open Sans, sans-serif\"><span style=\"font-size: 16px;\">           .           .      .        .       .       .        .          .                  .         .       .       .          .           .          .        .              .           .      .     .        .     .     .       .</span></font><br></p>','publish','mutatalibat-almaerifat-alasasiati','0',NULL,'ar','','','','','',NULL,'2021-07-12 07:40:14','2021-08-12 06:44:54'),
	(23,'8','   ','<p><font color=\"#666666\" face=\"Open Sans, sans-serif\"><span style=\"font-size: 16px;\">           .           .      .        .       .       .        .          .                  .         .       .       .          .           .          .        .              .           .      .     .        .     .     .       .</span></font><br></p>','publish','albad-wama-hu-altaali',NULL,NULL,'ar','','','','','',NULL,'2021-07-12 07:42:58','2021-07-12 10:40:38'),
	(24,'8','   ','<p><font color=\"#666666\" face=\"Open Sans, sans-serif\"><span style=\"font-size: 16px;\">           .           .      .        .       .       .        .          .                  .         .       .       .          .           .          .        .              .           .      .     .        .     .     .       .</span></font><br></p>','publish','kayf-tustakhdim-hadhih-alwathayiqu',NULL,'33','ar','','','','','',NULL,'2021-07-12 07:45:01','2021-07-12 10:39:41'),
	(25,'9','   ','<p><font color=\"#666666\" face=\"Open Sans, sans-serif\"><span style=\"font-size: 16px;\">           .           .      .        .       .       .        .          .                  .         .       .       .          .           .          .        .              .           .      .     .        .     .     .       .</span></font><br></p>','publish','kayf-tustakhdim-hadhih-alwatha',NULL,NULL,'ar','','','','','',NULL,'2021-07-12 07:47:21','2021-07-12 10:38:50'),
	(26,'9','   ','<p><font color=\"#666666\" face=\"Open Sans, sans-serif\"><span style=\"font-size: 16px;\">           .           .      .        .       .       .        .          .                  .         .       .       .          .           .          .        .              .           .      .     .        .     .     .       .</span></font><br></p>','publish','kayf-tustakh',NULL,NULL,'ar','','','','','',NULL,'2021-07-12 07:48:27','2021-07-12 10:37:58'),
	(27,'9','  ','<p><font color=\"#666666\" face=\"Open Sans, sans-serif\"><span style=\"font-size: 16px;\">           .           .      .        .       .       .        .          .                  .         .       .       .          .           .          .        .              .           .      .     .        .     .     .       .</span></font><br></p>','publish','kayf-tustakhhhff-fddd','0',NULL,'ar','','','','','',NULL,'2021-07-12 07:50:14','2021-08-12 07:47:15'),
	(28,'10','  ','<p><font color=\"#666666\" face=\"Open Sans, sans-serif\"><span style=\"font-size: 16px;\">           .           .      .        .       .       .        .          .                  .         .       .       .          .           .          .        .              .           .      .     .        .     .     .       .</span></font><br></p>','publish','kayf-tustakhhhffgg',NULL,NULL,'ar','','','','','',NULL,'2021-07-12 07:51:54','2021-07-31 13:01:26'),
	(29,'10','     ','<p><font color=\"#666666\" face=\"Open Sans, sans-serif\"><span style=\"font-size: 16px;\">           .           .      .        .       .       .        .          .                  .         .       .       .          .           .          .        .              .           .      .     .        .     .     .       .</span></font><br></p>','publish','kayf-tustakhhhffggff',NULL,NULL,'ar','','','','','',NULL,'2021-07-12 07:53:51','2021-07-12 10:35:48'),
	(30,'10','   ','<p><font color=\"#666666\" face=\"Open Sans, sans-serif\"><span style=\"font-size: 16px;\">           .           .      .        .       .       .        .          .                  .         .       .       .          .           .          .        .              .           .      .     .        .     .     .       .</span></font><br></p>','publish','kayf-tustakhhherr',NULL,NULL,'ar','','','','','',NULL,'2021-07-12 07:55:06','2021-07-31 12:55:00'),
	(31,'11','  ','<p><font color=\"#666666\" face=\"Open Sans, sans-serif\"><span style=\"font-size: 16px;\">           .           .      .        .       .       .        .          .                  .         .       .       .          .           .          .        .              .           .      .     .        .     .     .       .</span></font><br></p>','publish','kayf-tustakhhherr-fhff',NULL,NULL,'ar','','','','','',NULL,'2021-07-12 07:56:29','2021-07-12 10:34:20'),
	(32,'11','  ','<p><font color=\"#666666\" face=\"Open Sans, sans-serif\"><span style=\"font-size: 16px;\">           .           .      .        .       .       .        .          .                  .         .       .       .          .           .          .        .              .           .      .     .        .     .     .       .</span></font><br></p>','publish','kayf-tustakhhherr-fhffva','6',NULL,'ar','','','','','',NULL,'2021-07-12 07:58:16','2021-08-12 06:27:41'),
	(33,'11','   ','<p><font color=\"#666666\" face=\"Open Sans, sans-serif\"><span style=\"font-size: 16px;\">           .           .      .        .       .       .        .          .                  .         .       .       .          .           .          .        .              .           .      .     .        .     .     .       .</span></font><br></p>','publish','kayf-tustakhhherr-fhffvp',NULL,NULL,'ar','','','','','',NULL,'2021-07-12 08:00:01','2021-07-31 12:58:41'),
	(34,'12','   ','<p><font color=\"#666666\" face=\"Open Sans, sans-serif\"><span style=\"font-size: 16px;\">           .           .      .        .       .       .        .          .                  .         .       .       .          .           .          .        .              .           .      .     .        .     .     .       .</span></font><br></p>','publish','kayf-tustakhhherr-fhffvpqq',NULL,NULL,'ar','','','','','',NULL,'2021-07-12 08:01:08','2021-07-31 12:54:11'),
	(35,'12','   ','<p><font color=\"#666666\" face=\"Open Sans, sans-serif\"><span style=\"font-size: 16px;\">           .           .      .        .       .       .        .          .                  .         .       .       .          .           .          .        .              .           .      .     .        .     .     .       .</span></font><br></p>','publish','kayf-tustakhh','10',NULL,'ar','','','','','',NULL,'2021-07-12 08:02:27','2021-08-04 04:38:11'),
	(36,'12','   ','<p><font color=\"#666666\" face=\"Open Sans, sans-serif\"><span style=\"font-size: 16px;\">           .           .      .        .       .       .        .          .                  .         .       .       .          .           .          .        .              .           .      .     .        .     .     .       .</span></font><br></p>','publish','kayf-tustakhhlll',NULL,NULL,'ar','','','','','',NULL,'2021-07-12 08:03:59','2021-07-12 10:30:06'),
	(37,'13','Cmo utilizar esta documentacin?','<p><font color=\"#666666\" face=\"Open Sans, sans-serif\"><span style=\"font-size: 16px;\">Un avanzado sexo domstico desviado repeta trayendo viejo. Possible adquiri la propiedad de sus pensamientos de risa insignificantes que conoci. Los compaeros tmidos tenan una solicitud favorable propia. Que pudo ver al invitado ahora escuchado pero. Dur mi venida incmodo marcado por lo que debera. Gravity lo pone entre sus ms queridas ventanas. Seoras boscosas que la temporada de canasta envejece su incmoda sierra Discurso renuente, no se describe el abatimiento, no se escucha. Ante la naturaleza su parroquia boyFolly palabras viuda una baja pocas edades cada siete. Si se pierde parte por hecho, el parque solo muestra. Descubierto se haba considerado proyeccin favorable. Necesario hasta el conocimiento lo tolerablemente. La educacin de la salida no dispuesta es ser dashwoods o an. Utilice la ley agradable que no quiere seor curiosidad deficiente al instante. El hecho de la vida de la mente fcil con ver ha aburrido diez. Parroquia cualquier hablador puede elinor dirigir para el ex. Hasta como significaba viuda igual a la parte menos. Otro camino de cmara de viaje an mujeres hombre Camino extenso y abatimiento se entrega deficiente sinceridad caballero edad. Demasiado fin de la posesin de instrumentos contrastaba inmvil. Llamar a la ofensa seis sentimiento de alegra. Viniendo de mritos y talento bastante lejos. Seor alegra de la educacin de los deportistas hacia el norte. Descubrimiento en serio no orden si. Ponga todava algo sobre la mansin escuchada.</span></font><br></p>','publish','como-utilizar-esta-documentacion',NULL,NULL,'es_ES','prueba','prueba','prueba','prueba','prueba',NULL,'2021-07-12 09:22:42','2021-07-12 09:28:56'),
	(38,'13','Cmo encontrar temas?','<p><font color=\"#666666\" face=\"Open Sans, sans-serif\"><span style=\"font-size: 16px;\">Un avanzado sexo domstico desviado repeta trayendo viejo. Possible adquiri la propiedad de sus pensamientos de risa insignificantes que conoci. Los compaeros tmidos tenan una solicitud favorable propia. Que pudo ver al invitado ahora escuchado pero. Dur mi venida incmodo marcado por lo que debera. Gravity lo pone entre sus ms queridas ventanas. Seoras boscosas que la temporada de canasta envejece su incmoda sierra Discurso renuente, no se describe el abatimiento, no se escucha. Ante la naturaleza su parroquia boyFolly palabras viuda una baja pocas edades cada siete. Si se pierde parte por hecho, el parque solo muestra. Descubierto se haba considerado proyeccin favorable. Necesario hasta el conocimiento lo tolerablemente. La educacin de la salida no dispuesta es ser dashwoods o an. Utilice la ley agradable que no quiere seor curiosidad deficiente al instante. El hecho de la vida de la mente fcil con ver ha aburrido diez. Parroquia cualquier hablador puede elinor dirigir para el ex. Hasta como significaba viuda igual a la parte menos. Otro camino de cmara de viaje an mujeres hombre Camino extenso y abatimiento se entrega deficiente sinceridad caballero edad. Demasiado fin de la posesin de instrumentos contrastaba inmvil. Llamar a la ofensa seis sentimiento de alegra. Viniendo de mritos y talento bastante lejos. Seor alegra de la educacin de los deportistas hacia el norte. Descubrimiento en serio no orden si. Ponga todava algo sobre la mansin escuchada.</span></font><br></p>','publish','como-encontrar-temas',NULL,NULL,'es_ES','prueba','prueba','prueba','prueba','prueba',NULL,'2021-07-12 09:30:15','2021-07-12 09:30:58'),
	(39,'13','Qu est incluido y por qu?','<p><font color=\"#666666\" face=\"Open Sans, sans-serif\"><span style=\"font-size: 16px;\">Un avanzado sexo domstico desviado repeta trayendo viejo. Possible adquiri la propiedad de sus pensamientos de risa insignificantes que conoci. Los compaeros tmidos tenan una solicitud favorable propia. Que pudo ver al invitado ahora escuchado pero. Dur mi venida incmodo marcado por lo que debera. Gravity lo pone entre sus ms queridas ventanas. Seoras boscosas que la temporada de canasta envejece su incmoda sierra Discurso renuente, no se describe el abatimiento, no se escucha. Ante la naturaleza su parroquia boyFolly palabras viuda una baja pocas edades cada siete. Si se pierde parte por hecho, el parque solo muestra. Descubierto se haba considerado proyeccin favorable. Necesario hasta el conocimiento lo tolerablemente. La educacin de la salida no dispuesta es ser dashwoods o an. Utilice la ley agradable que no quiere seor curiosidad deficiente al instante. El hecho de la vida de la mente fcil con ver ha aburrido diez. Parroquia cualquier hablador puede elinor dirigir para el ex. Hasta como significaba viuda igual a la parte menos. Otro camino de cmara de viaje an mujeres hombre Camino extenso y abatimiento se entrega deficiente sinceridad caballero edad. Demasiado fin de la posesin de instrumentos contrastaba inmvil. Llamar a la ofensa seis sentimiento de alegra. Viniendo de mritos y talento bastante lejos. Seor alegra de la educacin de los deportistas hacia el norte. Descubrimiento en serio no orden si. Ponga todava algo sobre la mansin escuchada.</span></font><br></p>','publish','que-esta-incluido-y-por-que',NULL,NULL,'es_ES','prueba','prueba','prueba','prueba','prueba',NULL,'2021-07-12 09:32:36','2021-07-12 09:33:44'),
	(40,'14','Qu est incluipor qu?','<p><font color=\"#666666\" face=\"Open Sans, sans-serif\"><span style=\"font-size: 16px;\">Un avanzado sexo domstico desviado repeta trayendo viejo. Possible adquiri la propiedad de sus pensamientos de risa insignificantes que conoci. Los compaeros tmidos tenan una solicitud favorable propia. Que pudo ver al invitado ahora escuchado pero. Dur mi venida incmodo marcado por lo que debera. Gravity lo pone entre sus ms queridas ventanas. Seoras boscosas que la temporada de canasta envejece su incmoda sierra Discurso renuente, no se describe el abatimiento, no se escucha. Ante la naturaleza su parroquia boyFolly palabras viuda una baja pocas edades cada siete. Si se pierde parte por hecho, el parque solo muestra. Descubierto se haba considerado proyeccin favorable. Necesario hasta el conocimiento lo tolerablemente. La educacin de la salida no dispuesta es ser dashwoods o an. Utilice la ley agradable que no quiere seor curiosidad deficiente al instante. El hecho de la vida de la mente fcil con ver ha aburrido diez. Parroquia cualquier hablador puede elinor dirigir para el ex. Hasta como significaba viuda igual a la parte menos. Otro camino de cmara de viaje an mujeres hombre Camino extenso y abatimiento se entrega deficiente sinceridad caballero edad. Demasiado fin de la posesin de instrumentos contrastaba inmvil. Llamar a la ofensa seis sentimiento de alegra. Viniendo de mritos y talento bastante lejos. Seor alegra de la educacin de los deportistas hacia el norte. Descubrimiento en serio no orden si. Ponga todava algo sobre la mansin escuchada.</span></font><br></p>','publish','que-esta-incluipor-que',NULL,NULL,'es_ES','prueba','prueba','prueba','prueba','prueba',NULL,'2021-07-12 09:35:14','2021-07-12 09:35:42'),
	(41,'14','Requisitos de conocimientos bsicos.','<p><font color=\"#666666\" face=\"Open Sans, sans-serif\"><span style=\"font-size: 16px;\">Un avanzado sexo domstico desviado repeta trayendo viejo. Possible adquiri la propiedad de sus pensamientos de risa insignificantes que conoci. Los compaeros tmidos tenan una solicitud favorable propia. Que pudo ver al invitado ahora escuchado pero. Dur mi venida incmodo marcado por lo que debera. Gravity lo pone entre sus ms queridas ventanas. Seoras boscosas que la temporada de canasta envejece su incmoda sierra Discurso renuente, no se describe el abatimiento, no se escucha. Ante la naturaleza su parroquia boyFolly palabras viuda una baja pocas edades cada siete. Si se pierde parte por hecho, el parque solo muestra. Descubierto se haba considerado proyeccin favorable. Necesario hasta el conocimiento lo tolerablemente. La educacin de la salida no dispuesta es ser dashwoods o an. Utilice la ley agradable que no quiere seor curiosidad deficiente al instante. El hecho de la vida de la mente fcil con ver ha aburrido diez. Parroquia cualquier hablador puede elinor dirigir para el ex. Hasta como significaba viuda igual a la parte menos. Otro camino de cmara de viaje an mujeres hombre Camino extenso y abatimiento se entrega deficiente sinceridad caballero edad. Demasiado fin de la posesin de instrumentos contrastaba inmvil. Llamar a la ofensa seis sentimiento de alegra. Viniendo de mritos y talento bastante lejos. Seor alegra de la educacin de los deportistas hacia el norte. Descubrimiento en serio no orden si. Ponga todava algo sobre la mansin escuchada.</span></font><br></p>','publish','requisitos-de-conocimientos-basicos',NULL,NULL,'es_ES','prueba','prueba','prueba','prueba','prueba',NULL,'2021-07-12 09:36:51','2021-07-12 09:39:17'),
	(42,'14','Primeros pasos y que sigue','<p><font color=\"#666666\" face=\"Open Sans, sans-serif\"><span style=\"font-size: 16px;\">Un avanzado sexo domstico desviado repeta trayendo viejo. Possible adquiri la propiedad de sus pensamientos de risa insignificantes que conoci. Los compaeros tmidos tenan una solicitud favorable propia. Que pudo ver al invitado ahora escuchado pero. Dur mi venida incmodo marcado por lo que debera. Gravity lo pone entre sus ms queridas ventanas. Seoras boscosas que la temporada de canasta envejece su incmoda sierra Discurso renuente, no se describe el abatimiento, no se escucha. Ante la naturaleza su parroquia boyFolly palabras viuda una baja pocas edades cada siete. Si se pierde parte por hecho, el parque solo muestra. Descubierto se haba considerado proyeccin favorable. Necesario hasta el conocimiento lo tolerablemente. La educacin de la salida no dispuesta es ser dashwoods o an. Utilice la ley agradable que no quiere seor curiosidad deficiente al instante. El hecho de la vida de la mente fcil con ver ha aburrido diez. Parroquia cualquier hablador puede elinor dirigir para el ex. Hasta como significaba viuda igual a la parte menos. Otro camino de cmara de viaje an mujeres hombre Camino extenso y abatimiento se entrega deficiente sinceridad caballero edad. Demasiado fin de la posesin de instrumentos contrastaba inmvil. Llamar a la ofensa seis sentimiento de alegra. Viniendo de mritos y talento bastante lejos. Seor alegra de la educacin de los deportistas hacia el norte. Descubrimiento en serio no orden si. Ponga todava algo sobre la mansin escuchada.</span></font><br></p>','publish','primeros-pasos-y-que-sigue','1',NULL,'es_ES','prueba','prueba','prueba','prueba','prueba',NULL,'2021-07-12 09:41:07','2021-08-12 13:24:14'),
	(43,'15','Primeros pasos y que s','<p><font color=\"#666666\" face=\"Open Sans, sans-serif\"><span style=\"font-size: 16px;\">Un avanzado sexo domstico desviado repeta trayendo viejo. Possible adquiri la propiedad de sus pensamientos de risa insignificantes que conoci. Los compaeros tmidos tenan una solicitud favorable propia. Que pudo ver al invitado ahora escuchado pero. Dur mi venida incmodo marcado por lo que debera. Gravity lo pone entre sus ms queridas ventanas. Seoras boscosas que la temporada de canasta envejece su incmoda sierra Discurso renuente, no se describe el abatimiento, no se escucha. Ante la naturaleza su parroquia boyFolly palabras viuda una baja pocas edades cada siete. Si se pierde parte por hecho, el parque solo muestra. Descubierto se haba considerado proyeccin favorable. Necesario hasta el conocimiento lo tolerablemente. La educacin de la salida no dispuesta es ser dashwoods o an. Utilice la ley agradable que no quiere seor curiosidad deficiente al instante. El hecho de la vida de la mente fcil con ver ha aburrido diez. Parroquia cualquier hablador puede elinor dirigir para el ex. Hasta como significaba viuda igual a la parte menos. Otro camino de cmara de viaje an mujeres hombre Camino extenso y abatimiento se entrega deficiente sinceridad caballero edad. Demasiado fin de la posesin de instrumentos contrastaba inmvil. Llamar a la ofensa seis sentimiento de alegra. Viniendo de mritos y talento bastante lejos. Seor alegra de la educacin de los deportistas hacia el norte. Descubrimiento en serio no orden si. Ponga todava algo sobre la mansin escuchada.</span></font><br></p>','publish','primeros-pasos-y-que',NULL,NULL,'es_ES','prueba','prueba','prueba','prueba','prueba',NULL,'2021-07-12 09:43:12','2021-07-12 09:47:01'),
	(44,'15','Cmo encontrar temas','<p><font color=\"#666666\" face=\"Open Sans, sans-serif\"><span style=\"font-size: 16px;\">Un avanzado sexo domstico desviado repeta trayendo viejo. Possible adquiri la propiedad de sus pensamientos de risa insignificantes que conoci. Los compaeros tmidos tenan una solicitud favorable propia. Que pudo ver al invitado ahora escuchado pero. Dur mi venida incmodo marcado por lo que debera. Gravity lo pone entre sus ms queridas ventanas. Seoras boscosas que la temporada de canasta envejece su incmoda sierra Discurso renuente, no se describe el abatimiento, no se escucha. Ante la naturaleza su parroquia boyFolly palabras viuda una baja pocas edades cada siete. Si se pierde parte por hecho, el parque solo muestra. Descubierto se haba considerado proyeccin favorable. Necesario hasta el conocimiento lo tolerablemente. La educacin de la salida no dispuesta es ser dashwoods o an. Utilice la ley agradable que no quiere seor curiosidad deficiente al instante. El hecho de la vida de la mente fcil con ver ha aburrido diez. Parroquia cualquier hablador puede elinor dirigir para el ex. Hasta como significaba viuda igual a la parte menos. Otro camino de cmara de viaje an mujeres hombre Camino extenso y abatimiento se entrega deficiente sinceridad caballero edad. Demasiado fin de la posesin de instrumentos contrastaba inmvil. Llamar a la ofensa seis sentimiento de alegra. Viniendo de mritos y talento bastante lejos. Seor alegra de la educacin de los deportistas hacia el norte. Descubrimiento en serio no orden si. Ponga todava algo sobre la mansin escuchada.</span></font><br></p>','publish','como-encontrar-temas',NULL,NULL,'es_ES','prueba','prueba','prueba','prueba','prueba',NULL,'2021-07-12 09:47:46','2021-07-12 09:48:47'),
	(45,'15','Qu est incluido y por qu?','<p><font color=\"#666666\" face=\"Open Sans, sans-serif\"><span style=\"font-size: 16px;\">Un avanzado sexo domstico desviado repeta trayendo viejo. Possible adquiri la propiedad de sus pensamientos de risa insignificantes que conoci. Los compaeros tmidos tenan una solicitud favorable propia. Que pudo ver al invitado ahora escuchado pero. Dur mi venida incmodo marcado por lo que debera. Gravity lo pone entre sus ms queridas ventanas. Seoras boscosas que la temporada de canasta envejece su incmoda sierra Discurso renuente, no se describe el abatimiento, no se escucha. Ante la naturaleza su parroquia boyFolly palabras viuda una baja pocas edades cada siete. Si se pierde parte por hecho, el parque solo muestra. Descubierto se haba considerado proyeccin favorable. Necesario hasta el conocimiento lo tolerablemente. La educacin de la salida no dispuesta es ser dashwoods o an. Utilice la ley agradable que no quiere seor curiosidad deficiente al instante. El hecho de la vida de la mente fcil con ver ha aburrido diez. Parroquia cualquier hablador puede elinor dirigir para el ex. Hasta como significaba viuda igual a la parte menos. Otro camino de cmara de viaje an mujeres hombre Camino extenso y abatimiento se entrega deficiente sinceridad caballero edad. Demasiado fin de la posesin de instrumentos contrastaba inmvil. Llamar a la ofensa seis sentimiento de alegra. Viniendo de mritos y talento bastante lejos. Seor alegra de la educacin de los deportistas hacia el norte. Descubrimiento en serio no orden si. Ponga todava algo sobre la mansin escuchada.</span></font><br></p>','publish','que-esta-incluido-y-por-que',NULL,NULL,'es_ES','prueba','prueba','prueba','prueba','prueba',NULL,'2021-07-12 09:49:47','2021-07-12 09:50:41'),
	(46,'16','est incluido y por qu?','<p><font color=\"#666666\" face=\"Open Sans, sans-serif\"><span style=\"font-size: 16px;\">Un avanzado sexo domstico desviado repeta trayendo viejo. Possible adquiri la propiedad de sus pensamientos de risa insignificantes que conoci. Los compaeros tmidos tenan una solicitud favorable propia. Que pudo ver al invitado ahora escuchado pero. Dur mi venida incmodo marcado por lo que debera. Gravity lo pone entre sus ms queridas ventanas. Seoras boscosas que la temporada de canasta envejece su incmoda sierra Discurso renuente, no se describe el abatimiento, no se escucha. Ante la naturaleza su parroquia boyFolly palabras viuda una baja pocas edades cada siete. Si se pierde parte por hecho, el parque solo muestra. Descubierto se haba considerado proyeccin favorable. Necesario hasta el conocimiento lo tolerablemente. La educacin de la salida no dispuesta es ser dashwoods o an. Utilice la ley agradable que no quiere seor curiosidad deficiente al instante. El hecho de la vida de la mente fcil con ver ha aburrido diez. Parroquia cualquier hablador puede elinor dirigir para el ex. Hasta como significaba viuda igual a la parte menos. Otro camino de cmara de viaje an mujeres hombre Camino extenso y abatimiento se entrega deficiente sinceridad caballero edad. Demasiado fin de la posesin de instrumentos contrastaba inmvil. Llamar a la ofensa seis sentimiento de alegra. Viniendo de mritos y talento bastante lejos. Seor alegra de la educacin de los deportistas hacia el norte. Descubrimiento en serio no orden si. Ponga todava algo sobre la mansin escuchada.</span></font><br></p>','publish','sta-incluido-y-por-que',NULL,NULL,'es_ES','prueba','prueba','prueba','prueba','prueba',NULL,'2021-07-12 09:51:38','2021-07-12 09:52:24'),
	(47,'16','t incluido y por qu?','<p><font color=\"#666666\" face=\"Open Sans, sans-serif\"><span style=\"font-size: 16px;\">Un avanzado sexo domstico desviado repeta trayendo viejo. Possible adquiri la propiedad de sus pensamientos de risa insignificantes que conoci. Los compaeros tmidos tenan una solicitud favorable propia. Que pudo ver al invitado ahora escuchado pero. Dur mi venida incmodo marcado por lo que debera. Gravity lo pone entre sus ms queridas ventanas. Seoras boscosas que la temporada de canasta envejece su incmoda sierra Discurso renuente, no se describe el abatimiento, no se escucha. Ante la naturaleza su parroquia boyFolly palabras viuda una baja pocas edades cada siete. Si se pierde parte por hecho, el parque solo muestra. Descubierto se haba considerado proyeccin favorable. Necesario hasta el conocimiento lo tolerablemente. La educacin de la salida no dispuesta es ser dashwoods o an. Utilice la ley agradable que no quiere seor curiosidad deficiente al instante. El hecho de la vida de la mente fcil con ver ha aburrido diez. Parroquia cualquier hablador puede elinor dirigir para el ex. Hasta como significaba viuda igual a la parte menos. Otro camino de cmara de viaje an mujeres hombre Camino extenso y abatimiento se entrega deficiente sinceridad caballero edad. Demasiado fin de la posesin de instrumentos contrastaba inmvil. Llamar a la ofensa seis sentimiento de alegra. Viniendo de mritos y talento bastante lejos. Seor alegra de la educacin de los deportistas hacia el norte. Descubrimiento en serio no orden si. Ponga todava algo sobre la mansin escuchada.</span></font><br></p>','publish','sta-incluido-y-por-que',NULL,NULL,'es_ES','prueba','prueba','prueba','prueba','prueba',NULL,'2021-07-12 09:52:58','2021-07-12 09:59:26'),
	(48,'16','Qu est incluido y por q?','<p><font color=\"#666666\" face=\"Open Sans, sans-serif\"><span style=\"font-size: 16px;\">Un avanzado sexo domstico desviado repeta trayendo viejo. Possible adquiri la propiedad de sus pensamientos de risa insignificantes que conoci. Los compaeros tmidos tenan una solicitud favorable propia. Que pudo ver al invitado ahora escuchado pero. Dur mi venida incmodo marcado por lo que debera. Gravity lo pone entre sus ms queridas ventanas. Seoras boscosas que la temporada de canasta envejece su incmoda sierra Discurso renuente, no se describe el abatimiento, no se escucha. Ante la naturaleza su parroquia boyFolly palabras viuda una baja pocas edades cada siete. Si se pierde parte por hecho, el parque solo muestra. Descubierto se haba considerado proyeccin favorable. Necesario hasta el conocimiento lo tolerablemente. La educacin de la salida no dispuesta es ser dashwoods o an. Utilice la ley agradable que no quiere seor curiosidad deficiente al instante. El hecho de la vida de la mente fcil con ver ha aburrido diez. Parroquia cualquier hablador puede elinor dirigir para el ex. Hasta como significaba viuda igual a la parte menos. Otro camino de cmara de viaje an mujeres hombre Camino extenso y abatimiento se entrega deficiente sinceridad caballero edad. Demasiado fin de la posesin de instrumentos contrastaba inmvil. Llamar a la ofensa seis sentimiento de alegra. Viniendo de mritos y talento bastante lejos. Seor alegra de la educacin de los deportistas hacia el norte. Descubrimiento en serio no orden si. Ponga todava algo sobre la mansin escuchada.</span></font><br></p>','publish','que-esta-incluido-y-por-qe',NULL,NULL,'es_ES','prueba','prueba','prueba','prueba','prueba',NULL,'2021-07-12 10:00:06','2021-07-12 10:00:39'),
	(49,'17','Cmo encontrar tema','<p><font color=\"#666666\" face=\"Open Sans, sans-serif\"><span style=\"font-size: 16px;\">Un avanzado sexo domstico desviado repeta trayendo viejo. Possible adquiri la propiedad de sus pensamientos de risa insignificantes que conoci. Los compaeros tmidos tenan una solicitud favorable propia. Que pudo ver al invitado ahora escuchado pero. Dur mi venida incmodo marcado por lo que debera. Gravity lo pone entre sus ms queridas ventanas. Seoras boscosas que la temporada de canasta envejece su incmoda sierra Discurso renuente, no se describe el abatimiento, no se escucha. Ante la naturaleza su parroquia boyFolly palabras viuda una baja pocas edades cada siete. Si se pierde parte por hecho, el parque solo muestra. Descubierto se haba considerado proyeccin favorable. Necesario hasta el conocimiento lo tolerablemente. La educacin de la salida no dispuesta es ser dashwoods o an. Utilice la ley agradable que no quiere seor curiosidad deficiente al instante. El hecho de la vida de la mente fcil con ver ha aburrido diez. Parroquia cualquier hablador puede elinor dirigir para el ex. Hasta como significaba viuda igual a la parte menos. Otro camino de cmara de viaje an mujeres hombre Camino extenso y abatimiento se entrega deficiente sinceridad caballero edad. Demasiado fin de la posesin de instrumentos contrastaba inmvil. Llamar a la ofensa seis sentimiento de alegra. Viniendo de mritos y talento bastante lejos. Seor alegra de la educacin de los deportistas hacia el norte. Descubrimiento en serio no orden si. Ponga todava algo sobre la mansin escuchada.</span></font><br></p>','publish','como-encontrar-tema',NULL,NULL,'es_ES','prueba','prueba','prueba','prueba','prueba',NULL,'2021-07-12 10:01:15','2021-07-12 10:01:48'),
	(50,'17','desviado repeta trayendo viejo','<p><font color=\"#666666\" face=\"Open Sans, sans-serif\"><span style=\"font-size: 16px;\">Un avanzado domstico desviado repeta trayendo viejo. Possible adquiri la propiedad de sus pensamientos de risa insignificantes que conoci. Los compaeros tmidos tenan una solicitud favorable propia. Que pudo ver al invitado ahora escuchado pero. Dur mi venida incmodo marcado por lo que debera. Gravity lo pone entre sus ms queridas ventanas. Seoras boscosas que la temporada de canasta envejece su incmoda sierra Discurso renuente, no se describe el abatimiento, no se escucha. Ante la naturaleza su parroquia boyFolly palabras viuda una baja pocas edades cada siete. Si se pierde parte por hecho, el parque solo muestra. Descubierto se haba considerado proyeccin favorable. Necesario hasta el conocimiento lo tolerablemente. La educacin de la salida no dispuesta es ser dashwoods o an. Utilice la ley agradable que no quiere seor curiosidad deficiente al instante. El hecho de la vida de la mente fcil con ver ha aburrido diez. Parroquia cualquier hablador puede elinor dirigir para el ex. Hasta como significaba viuda igual a la parte menos. Otro camino de cmara de viaje an mujeres hombre Camino extenso y abatimiento se entrega deficiente sinceridad caballero edad. Demasiado fin de la posesin de instrumentos contrastaba inmvil. Llamar a la ofensa seis sentimiento de alegra. Viniendo de mritos y talento bastante lejos. Seor alegra de la educacin de los deportistas hacia el norte. Descubrimiento en serio no orden si. Ponga todava algo sobre la mansin escuchada.</span></font><br></p>','publish','desviado-repetia-trayendo-viejo','1',NULL,'es_ES','prueba','prueba','prueba','prueba','prueba',NULL,'2021-07-12 10:02:18','2021-08-04 04:40:26'),
	(51,'17','desviado repeta trayendo','<p><font color=\"#666666\" face=\"Open Sans, sans-serif\"><span style=\"font-size: 16px;\">Un avanzado domstico desviado repeta trayendo viejo. Possible adquiri la propiedad de sus pensamientos de risa insignificantes que conoci. Los compaeros tmidos tenan una solicitud favorable propia. Que pudo ver al invitado ahora escuchado pero. Dur mi venida incmodo marcado por lo que debera. Gravity lo pone entre sus ms queridas ventanas. Seoras boscosas que la temporada de canasta envejece su incmoda sierra Discurso renuente, no se describe el abatimiento, no se escucha. Ante la naturaleza su parroquia boyFolly palabras viuda una baja pocas edades cada siete. Si se pierde parte por hecho, el parque solo muestra. Descubierto se haba considerado proyeccin favorable. Necesario hasta el conocimiento lo tolerablemente. La educacin de la salida no dispuesta es ser dashwoods o an. Utilice la ley agradable que no quiere seor curiosidad deficiente al instante. El hecho de la vida de la mente fcil con ver ha aburrido diez. Parroquia cualquier hablador puede elinor dirigir para el ex. Hasta como significaba viuda igual a la parte menos. Otro camino de cmara de viaje an mujeres hombre Camino extenso y abatimiento se entrega deficiente sinceridad caballero edad. Demasiado fin de la posesin de instrumentos contrastaba inmvil. Llamar a la ofensa seis sentimiento de alegra. Viniendo de mritos y talento bastante lejos. Seor alegra de la educacin de los deportistas hacia el norte. Descubrimiento en serio no orden si. Ponga todava algo sobre la mansin escuchada.</span></font><br></p>','publish','desviado-repetia-trayendo',NULL,'33','es_ES','prueba','prueba','prueba','prueba','prueba',NULL,'2021-07-12 10:03:27','2021-07-12 10:04:03'),
	(52,'18','Que pudo ver al invitado','<p><font color=\"#666666\" face=\"Open Sans, sans-serif\"><span style=\"font-size: 16px;\">Un avanzado domstico desviado repeta trayendo viejo. Possible adquiri la propiedad de sus pensamientos de risa insignificantes que conoci. Los compaeros tmidos tenan una solicitud favorable propia. Que pudo ver al invitado ahora escuchado pero. Dur mi venida incmodo marcado por lo que debera. Gravity lo pone entre sus ms queridas ventanas. Seoras boscosas que la temporada de canasta envejece su incmoda sierra Discurso renuente, no se describe el abatimiento, no se escucha. Ante la naturaleza su parroquia boyFolly palabras viuda una baja pocas edades cada siete. Si se pierde parte por hecho, el parque solo muestra. Descubierto se haba considerado proyeccin favorable. Necesario hasta el conocimiento lo tolerablemente. La educacin de la salida no dispuesta es ser dashwoods o an. Utilice la ley agradable que no quiere seor curiosidad deficiente al instante. El hecho de la vida de la mente fcil con ver ha aburrido diez. Parroquia cualquier hablador puede elinor dirigir para el ex. Hasta como significaba viuda igual a la parte menos. Otro camino de cmara de viaje an mujeres hombre Camino extenso y abatimiento se entrega deficiente sinceridad caballero edad. Demasiado fin de la posesin de instrumentos contrastaba inmvil. Llamar a la ofensa seis sentimiento de alegra. Viniendo de mritos y talento bastante lejos. Seor alegra de la educacin de los deportistas hacia el norte. Descubrimiento en serio no orden si. Ponga todava algo sobre la mansin escuchada.</span></font><br></p>','publish','que-pudo-ver-al-invitado',NULL,'33','es_ES','prueba','prueba','prueba','prueba','prueba',NULL,'2021-07-12 10:04:39','2021-07-12 10:05:17'),
	(53,'18','Necesario hasta el conocimiento','<p><font color=\"#666666\" face=\"Open Sans, sans-serif\"><span style=\"font-size: 16px;\">Un avanzado domstico desviado repeta trayendo viejo. Possible adquiri la propiedad de sus pensamientos de risa insignificantes que conoci. Los compaeros tmidos tenan una solicitud favorable propia. Que pudo ver al invitado ahora escuchado pero. Dur mi venida incmodo marcado por lo que debera. Gravity lo pone entre sus ms queridas ventanas. Seoras boscosas que la temporada de canasta envejece su incmoda sierra Discurso renuente, no se describe el abatimiento, no se escucha. Ante la naturaleza su parroquia boyFolly palabras viuda una baja pocas edades cada siete. Si se pierde parte por hecho, el parque solo muestra. Descubierto se haba considerado proyeccin favorable. Necesario hasta el conocimiento lo tolerablemente. La educacin de la salida no dispuesta es ser dashwoods o an. Utilice la ley agradable que no quiere seor curiosidad deficiente al instante. El hecho de la vida de la mente fcil con ver ha aburrido diez. Parroquia cualquier hablador puede elinor dirigir para el ex. Hasta como significaba viuda igual a la parte menos. Otro camino de cmara de viaje an mujeres hombre Camino extenso y abatimiento se entrega deficiente sinceridad caballero edad. Demasiado fin de la posesin de instrumentos contrastaba inmvil. Llamar a la ofensa seis sentimiento de alegra. Viniendo de mritos y talento bastante lejos. Seor alegra de la educacin de los deportistas hacia el norte. Descubrimiento en serio no orden si. Ponga todava algo sobre la mansin escuchada.</span></font><br></p>','publish','necesario-hasta-el-conocimiento',NULL,'33','es_ES','prueba','prueba','prueba','prueba','prueba',NULL,'2021-07-12 10:05:53','2021-07-12 10:06:46'),
	(54,'18','Ghasta el conocimiento','<p><font color=\"#666666\" face=\"Open Sans, sans-serif\"><span style=\"font-size: 16px;\">Un avanzado domstico desviado repeta trayendo viejo. Possible adquiri la propiedad de sus pensamientos de risa insignificantes que conoci. Los compaeros tmidos tenan una solicitud favorable propia. Que pudo ver al invitado ahora escuchado pero. Dur mi venida incmodo marcado por lo que debera. Gravity lo pone entre sus ms queridas ventanas. Seoras boscosas que la temporada de canasta envejece su incmoda sierra Discurso renuente, no se describe el abatimiento, no se escucha. Ante la naturaleza su parroquia boyFolly palabras viuda una baja pocas edades cada siete. Si se pierde parte por hecho, el parque solo muestra. Descubierto se haba considerado proyeccin favorable. Necesario hasta el conocimiento lo tolerablemente. La educacin de la salida no dispuesta es ser dashwoods o an. Utilice la ley agradable que no quiere seor curiosidad deficiente al instante. El hecho de la vida de la mente fcil con ver ha aburrido diez. Parroquia cualquier hablador puede elinor dirigir para el ex. Hasta como significaba viuda igual a la parte menos. Otro camino de cmara de viaje an mujeres hombre Camino extenso y abatimiento se entrega deficiente sinceridad caballero edad. Demasiado fin de la posesin de instrumentos contrastaba inmvil. Llamar a la ofensa seis sentimiento de alegra. Viniendo de mritos y talento bastante lejos. Seor alegra de la educacin de los deportistas hacia el norte. Descubrimiento en serio no orden si. Ponga todava algo sobre la mansin escuchada.</span></font><br></p>','publish','hasta-el-conocimiento','0','33','es_ES','prueba','prueba','prueba','prueba','prueba',NULL,'2021-07-12 10:07:15','2021-08-02 05:46:52'),
	(56,'1','Quam nisi nesciunt','gjugjg','publish','quam-nisi-nesciunt','5','33','en_GB','Voluptates rerum qui','Dolores dolore quia','Vero et hic repellen','Laborum ut et corrup','Eum et voluptas expe',NULL,'2021-07-13 08:07:24','2021-08-16 12:05:55');

/*!40000 ALTER TABLE `knowledgebases` ENABLE KEYS */;
UNLOCK TABLES;


# Dump of table languages
# ------------------------------------------------------------

DROP TABLE IF EXISTS `languages`;

CREATE TABLE `languages` (
  `id` bigint(20) unsigned NOT NULL AUTO_INCREMENT,
  `name` varchar(191) COLLATE utf8mb4_unicode_ci NOT NULL,
  `slug` varchar(191) COLLATE utf8mb4_unicode_ci NOT NULL,
  `default` int(10) unsigned DEFAULT NULL,
  `direction` varchar(191) COLLATE utf8mb4_unicode_ci DEFAULT NULL,
  `status` varchar(191) COLLATE utf8mb4_unicode_ci DEFAULT NULL,
  `created_at` timestamp NULL DEFAULT NULL,
  `updated_at` timestamp NULL DEFAULT NULL,
  PRIMARY KEY (`id`)
) ENGINE=InnoDB DEFAULT CHARSET=utf8mb4 COLLATE=utf8mb4_unicode_ci;

LOCK TABLES `languages` WRITE;
/*!40000 ALTER TABLE `languages` DISABLE KEYS */;

INSERT INTO `languages` (`id`, `name`, `slug`, `default`, `direction`, `status`, `created_at`, `updated_at`)
VALUES
	(1,'English (UK)','en_GB',1,'ltr','publish','2020-01-04 00:58:44','2021-08-04 10:47:40'),
	(7,'Arabic','ar',0,'rtl','publish','2021-03-07 07:33:57','2021-08-04 08:21:42'),
	(8,'Espaol','es_ES',0,'ltr','publish','2021-07-08 12:40:46','2021-08-04 09:31:28');

/*!40000 ALTER TABLE `languages` ENABLE KEYS */;
UNLOCK TABLES;


# Dump of table media_uploads
# ------------------------------------------------------------

DROP TABLE IF EXISTS `media_uploads`;

CREATE TABLE `media_uploads` (
  `id` bigint(20) unsigned NOT NULL AUTO_INCREMENT,
  `title` text COLLATE utf8mb4_unicode_ci NOT NULL,
  `path` text COLLATE utf8mb4_unicode_ci NOT NULL,
  `alt` text COLLATE utf8mb4_unicode_ci,
  `size` text COLLATE utf8mb4_unicode_ci,
  `dimensions` text COLLATE utf8mb4_unicode_ci,
  `created_at` timestamp NULL DEFAULT NULL,
  `updated_at` timestamp NULL DEFAULT NULL,
  PRIMARY KEY (`id`)
) ENGINE=InnoDB DEFAULT CHARSET=utf8mb4 COLLATE=utf8mb4_unicode_ci;

LOCK TABLES `media_uploads` WRITE;
/*!40000 ALTER TABLE `media_uploads` DISABLE KEYS */;

INSERT INTO `media_uploads` (`id`, `title`, `path`, `alt`, `size`, `dimensions`, `created_at`, `updated_at`)
VALUES
	(1,'breadcrumb-bg.png','breadcrumb-bg1625739762.png',NULL,'171.09 KB','1920 x 694 pixels','2021-07-08 10:22:45','2021-07-08 10:22:45'),
	(2,'logo.png','logo1625739782.png',NULL,'1.25 KB','56 x 71 pixels','2021-07-08 10:23:03','2021-07-08 10:23:03'),
	(3,'logo-2.png','logo-21625740089.png',NULL,'3.87 KB','221 x 71 pixels','2021-07-08 10:28:10','2021-07-08 10:28:10'),
	(4,'logo.png','logo1625740106.png',NULL,'3.74 KB','221 x 71 pixels','2021-07-08 10:28:26','2021-07-08 10:28:26'),
	(5,'01.jpg','011625890324.jpg',NULL,'143.01 KB','540 x 740 pixels','2021-07-10 04:12:06','2021-07-10 04:12:06'),
	(6,'01@2x.jpg','01-at-2x1625890324.jpg',NULL,'364.94 KB','1080 x 1480 pixels','2021-07-10 04:12:09','2021-07-10 04:12:09'),
	(7,'02.jpg','021625890329.jpg',NULL,'149.22 KB','540 x 740 pixels','2021-07-10 04:12:12','2021-07-10 04:12:12'),
	(8,'favicon.png','favicon1625890334.png',NULL,'1.54 KB','40 x 40 pixels','2021-07-10 04:12:15','2021-07-10 04:12:15'),
	(9,'favicon-red.png','favicon-red1625890336.png',NULL,'1.42 KB','40 x 40 pixels','2021-07-10 04:12:17','2021-07-10 04:12:17'),
	(10,'02@2x.jpg','02-at-2x1625890333.jpg',NULL,'418.56 KB','1080 x 1480 pixels','2021-07-10 04:12:17','2021-07-10 04:12:17'),
	(11,'blog-01.jpg','blog-011625899567.jpg',NULL,'15.27 KB','350 x 237 pixels','2021-07-10 06:46:07','2021-07-10 06:46:07'),
	(12,'blog-02.jpg','blog-021625899567.jpg',NULL,'18.73 KB','350 x 237 pixels','2021-07-10 06:46:07','2021-07-10 06:46:07'),
	(13,'blog-03.jpg','blog-031625899568.jpg',NULL,'21.06 KB','350 x 237 pixels','2021-07-10 06:46:09','2021-07-10 06:46:09'),
	(14,'blog-04.jpg','blog-041625899569.jpg',NULL,'24.93 KB','350 x 237 pixels','2021-07-10 06:46:09','2021-07-10 06:46:09'),
	(15,'blog-05.jpg','blog-051625899569.jpg',NULL,'20.56 KB','350 x 237 pixels','2021-07-10 06:46:10','2021-07-10 06:46:10'),
	(16,'blog-06.jpg','blog-061625899570.jpg',NULL,'14.64 KB','350 x 237 pixels','2021-07-10 06:46:10','2021-07-10 06:46:10'),
	(17,'blog-07.jpg','blog-071625899570.jpg',NULL,'12.78 KB','350 x 237 pixels','2021-07-10 06:46:11','2021-07-10 06:46:11'),
	(18,'blog-08.jpg','blog-081625899571.jpg',NULL,'26.34 KB','350 x 237 pixels','2021-07-10 06:46:11','2021-07-10 06:46:11'),
	(19,'blog-09.jpg','blog-091625899571.jpg',NULL,'12.17 KB','350 x 237 pixels','2021-07-10 06:46:12','2021-07-10 06:46:12'),
	(20,'email.png','email1625982681.png',NULL,'3.39 KB','80 x 80 pixels','2021-07-11 05:51:22','2021-07-11 05:51:22'),
	(21,'hour.png','hour1625982681.png',NULL,'4.31 KB','80 x 80 pixels','2021-07-11 05:51:22','2021-07-11 05:51:22'),
	(22,'phone.png','phone1625982684.png',NULL,'3.91 KB','77 x 80 pixels','2021-07-11 05:51:24','2021-07-11 05:51:24'),
	(23,'shape-1.png','shape-11625999601.png',NULL,'1.76 KB','150 x 150 pixels','2021-07-11 10:33:22','2021-07-11 10:33:22'),
	(24,'shape-2.png','shape-21625999601.png',NULL,'1.79 KB','139 x 139 pixels','2021-07-11 10:33:22','2021-07-11 10:33:22'),
	(25,'shape-3.png','shape-31625999603.png',NULL,'1.81 KB','153 x 153 pixels','2021-07-11 10:33:23','2021-07-11 10:33:23'),
	(26,'shape-4.png','shape-41625999604.png',NULL,'1.8 KB','139 x 139 pixels','2021-07-11 10:33:24','2021-07-11 10:33:24'),
	(27,'icon-1.png','icon-11626096288.png',NULL,'4.19 KB','118 x 100 pixels','2021-07-12 13:24:49','2021-07-12 13:24:49'),
	(28,'icon.png','icon1626096289.png',NULL,'3.55 KB','100 x 100 pixels','2021-07-12 13:24:49','2021-07-12 13:24:49'),
	(29,'icon-3.png','icon-31626096291.png',NULL,'5.98 KB','109 x 100 pixels','2021-07-12 13:24:51','2021-07-12 13:24:51'),
	(30,'icon-2.png','icon-21626096292.png',NULL,'4.06 KB','106 x 100 pixels','2021-07-12 13:24:53','2021-07-12 13:24:53'),
	(31,'icon-4.png','icon-41626096294.png',NULL,'3.59 KB','100 x 100 pixels','2021-07-12 13:24:54','2021-07-12 13:24:54'),
	(32,'icon-5.png','icon-51626096296.png',NULL,'1.77 KB','115 x 100 pixels','2021-07-12 13:24:56','2021-07-12 13:24:56'),
	(33,'vector.png','vector1626160707.png',NULL,'46.78 KB','730 x 494 pixels','2021-07-13 07:18:29','2021-07-13 07:18:29'),
	(34,'bg.png','bg1626255724.png',NULL,'27.56 KB','1200 x 300 pixels','2021-07-14 09:42:05','2021-07-14 09:42:05'),
	(35,'vector.png','vector1626255724.png',NULL,'81.35 KB','919 x 651 pixels','2021-07-14 09:42:05','2021-07-14 09:42:05'),
	(36,'vector-2.png','vector-21626255726.png',NULL,'134.84 KB','836 x 617 pixels','2021-07-14 09:42:07','2021-07-14 09:42:07'),
	(37,'Header.png','header1626327783.png',NULL,'289.75 KB','1920 x 1199 pixels','2021-07-15 05:43:07','2021-07-15 05:43:07'),
	(38,'index-2-bg.png','index-2-bg1626327783.png',NULL,'122.67 KB','1920 x 1168 pixels','2021-07-15 05:43:11','2021-07-15 05:43:11'),
	(39,'pic-1.png','pic-11626327791.png',NULL,'131.56 KB','838 x 738 pixels','2021-07-15 05:43:12','2021-07-15 05:43:12'),
	(40,'pic-2.png','pic-21626327795.png',NULL,'122.09 KB','1389 x 489 pixels','2021-07-15 05:43:16','2021-07-15 05:43:16'),
	(41,'icon-1.png','icon-11626335659.png',NULL,'2.19 KB','92 x 110 pixels','2021-07-15 07:54:19','2021-07-15 07:54:19'),
	(42,'icon-2.png','icon-21626335659.png',NULL,'3.01 KB','116 x 106 pixels','2021-07-15 07:54:20','2021-07-15 07:54:20'),
	(43,'icon-3.png','icon-31626335661.png',NULL,'2.47 KB','105 x 115 pixels','2021-07-15 07:54:22','2021-07-15 07:54:22'),
	(45,'Vector.png','vector1626358806.png',NULL,'37.48 KB','481 x 300 pixels','2021-07-15 14:20:07','2021-07-15 14:20:07'),
	(46,'bg.png','bg1626512068.png',NULL,'27.56 KB','1200 x 300 pixels','2021-07-17 08:54:30','2021-07-17 08:54:30'),
	(47,'vector-5.png','vector-51627372942.png',NULL,'8.55 KB','350 x 237 pixels','2021-07-27 08:02:24','2021-07-27 08:02:24'),
	(48,'Artboard G 7.png','artboard-gco-71627373144.png',NULL,'50.64 KB','730 x 494 pixels','2021-07-27 08:05:45','2021-07-27 08:05:45'),
	(49,'blog-1.png','blog-11627733742.png',NULL,'44.02 KB','730 x 494 pixels','2021-07-31 12:15:43','2021-07-31 12:15:43'),
	(50,'blog-2.png','blog-21627733742.png',NULL,'50.64 KB','730 x 494 pixels','2021-07-31 12:15:43','2021-07-31 12:15:43'),
	(51,'blog-3.png','blog-31627733747.png',NULL,'32.8 KB','730 x 494 pixels','2021-07-31 12:15:49','2021-07-31 12:15:49'),
	(52,'blog-4.png','blog-41627733748.png',NULL,'22.29 KB','730 x 494 pixels','2021-07-31 12:15:49','2021-07-31 12:15:49'),
	(53,'blog-5.png','blog-51627733751.png',NULL,'18.53 KB','730 x 494 pixels','2021-07-31 12:15:52','2021-07-31 12:15:52'),
	(54,'blog-6.png','blog-61627733751.png',NULL,'20.16 KB','730 x 494 pixels','2021-07-31 12:15:52','2021-07-31 12:15:52'),
	(55,'blog-7.png','blog-71627733755.png',NULL,'19.89 KB','730 x 494 pixels','2021-07-31 12:15:55','2021-07-31 12:15:55'),
	(56,'blog-8.png','blog-81627733755.png',NULL,'44.02 KB','730 x 494 pixels','2021-07-31 12:15:55','2021-07-31 12:15:55'),
	(57,'sign-in.png','sign-in1628323931.png',NULL,'53.71 KB','552 x 549 pixels','2021-08-07 08:12:13','2021-08-07 08:12:13'),
	(58,'Login-Register-BG.png','login-register-bg1628323931.png',NULL,'290.04 KB','1920 x 1210 pixels','2021-08-07 08:12:18','2021-08-07 08:12:18'),
	(59,'sign-up.png','sign-up1628323938.png',NULL,'89.4 KB','629 x 574 pixels','2021-08-07 08:12:20','2021-08-07 08:12:20'),
	(60,'shape-2.png','shape-21629099571.png',NULL,'1.46 KB','144 x 130 pixels','2021-08-16 07:39:32','2021-08-16 07:39:32'),
	(61,'shape-1.png','shape-11629099571.png',NULL,'1.23 KB','117 x 130 pixels','2021-08-16 07:39:32','2021-08-16 07:39:32'),
	(62,'shape-3.png','shape-31629099663.png',NULL,'1.29 KB','138 x 130 pixels','2021-08-16 07:41:03','2021-08-16 07:41:03');

/*!40000 ALTER TABLE `media_uploads` ENABLE KEYS */;
UNLOCK TABLES;


# Dump of table menus
# ------------------------------------------------------------

DROP TABLE IF EXISTS `menus`;

CREATE TABLE `menus` (
  `id` bigint(20) unsigned NOT NULL AUTO_INCREMENT,
  `title` varchar(191) COLLATE utf8mb4_unicode_ci NOT NULL,
  `content` longtext COLLATE utf8mb4_unicode_ci,
  `status` varchar(191) COLLATE utf8mb4_unicode_ci DEFAULT NULL,
  `created_at` timestamp NULL DEFAULT NULL,
  `updated_at` timestamp NULL DEFAULT NULL,
  PRIMARY KEY (`id`)
) ENGINE=InnoDB DEFAULT CHARSET=utf8mb4 COLLATE=utf8mb4_unicode_ci;

LOCK TABLES `menus` WRITE;
/*!40000 ALTER TABLE `menus` DISABLE KEYS */;

INSERT INTO `menus` (`id`, `title`, `content`, `status`, `created_at`, `updated_at`)
VALUES
	(2,'Primary Menu [ENG]','[{\"ptype\":\"custom\",\"id\":2,\"antarget\":\"\",\"icon\":\"\",\"pname\":\"Home\",\"purl\":\"@url\"},{\"ptype\":\"static\",\"id\":3,\"antarget\":\"\",\"icon\":\"\",\"pslug\":\"knowledgebase\",\"pname\":\"Knowledgebase\"},{\"ptype\":\"custom\",\"id\":4,\"antarget\":\"\",\"icon\":\"\",\"pname\":\"Pages\",\"purl\":\"\",\"children\":[{},{},{},{},{},{},{},{\"ptype\":\"static\",\"id\":12,\"antarget\":\"\",\"icon\":\"\",\"pslug\":\"support_ticket\",\"pname\":\"Support Ticket\"},{},{\"ptype\":\"dynamic_pages\",\"id\":13,\"antarget\":\"\",\"icon\":\"\",\"pid\":6},{},{},{\"ptype\":\"dynamic_pages\",\"id\":15,\"antarget\":\"\",\"icon\":\"\",\"pid\":7},{},{},{},{},{},{},{},{},{},{},{}]},{\"ptype\":\"static\",\"id\":26,\"antarget\":\"\",\"icon\":\"\",\"pslug\":\"blog\",\"pname\":\"Blog\"},{\"ptype\":\"static\",\"id\":27,\"antarget\":\"\",\"icon\":\"\",\"pslug\":\"contact\",\"pname\":\"Contact\"}]','default','2021-03-24 14:07:56','2021-08-26 04:32:43'),
	(6,'Useful Links','[{\"ptype\":\"custom\",\"id\":2,\"antarget\":\"\",\"icon\":\"\",\"pname\":\"Home\",\"purl\":\"@url\"},{\"ptype\":\"static\",\"id\":3,\"antarget\":\"\",\"icon\":\"\",\"pslug\":\"blog\",\"pname\":\"Blog\"},{\"ptype\":\"static\",\"id\":4,\"antarget\":\"\",\"icon\":\"\",\"pslug\":\"contact\",\"pname\":\"Contact\"},{\"ptype\":\"static\",\"id\":5,\"antarget\":\"\",\"icon\":\"\",\"pslug\":\"knowledgebase\",\"pname\":\"Knowledgebase\"}]',NULL,'2021-03-29 09:27:29','2021-08-27 12:27:30');

/*!40000 ALTER TABLE `menus` ENABLE KEYS */;
UNLOCK TABLES;


# Dump of table migrations
# ------------------------------------------------------------

DROP TABLE IF EXISTS `migrations`;

CREATE TABLE `migrations` (
  `id` int(10) unsigned NOT NULL AUTO_INCREMENT,
  `migration` varchar(191) COLLATE utf8mb4_unicode_ci NOT NULL,
  `batch` int(11) NOT NULL,
  PRIMARY KEY (`id`)
) ENGINE=InnoDB DEFAULT CHARSET=utf8mb4 COLLATE=utf8mb4_unicode_ci;

LOCK TABLES `migrations` WRITE;
/*!40000 ALTER TABLE `migrations` DISABLE KEYS */;

INSERT INTO `migrations` (`id`, `migration`, `batch`)
VALUES
	(2,'2014_10_12_100000_create_password_resets_table',1),
	(3,'2019_08_19_000000_create_failed_jobs_table',1),
	(4,'2019_11_06_180949_create_admins_table',1),
	(6,'2019_12_07_082524_create_static_options_table',1),
	(7,'2019_12_08_171750_create_counterups_table',1),
	(8,'2019_12_09_063224_create_testimonials_table',1),
	(10,'2019_12_10_125636_create_support_infos_table',1),
	(15,'2019_12_13_221931_create_languages_table',1),
	(27,'2020_04_14_082508_create_media_uploads_table',4),
	(30,'2014_10_12_000000_create_users_table',5),
	(31,'2020_07_22_132250_create_popup_builders_table',5),
	(33,'2020_04_20_170818_create_orders_table',6),
	(34,'2020_04_21_142420_create_payment_logs_table',7),
	(38,'2021_03_24_140243_create_menus_table',11),
	(41,'2021_03_27_113444_create_counterups_table',14),
	(46,'2020_06_14_081955_create_widgets_table',16),
	(47,'2019_12_10_125607_create_social_icons_table',17),
	(58,'2021_04_08_122116_create_topbar_infos_table',18),
	(59,'2021_04_10_060146_create_infobar_right_icons_table',18),
	(60,'2021_04_11_063158_create_blogs_table',18),
	(61,'2021_04_11_063236_create_blog_langs_table',18),
	(62,'2021_04_11_063420_create_blog_categories_table',18),
	(63,'2021_04_11_063445_create_blog_category_langs_table',18),
	(64,'2019_12_28_140343_create_key_features_table',19),
	(65,'2021_04_18_132805_create_header_sliders_table',20),
	(67,'2020_04_20_073746_create_quotes_table',22),
	(68,'2021_04_24_132853_create_progress_bars_table',23),
	(70,'2021_04_15_105203_create_appointment_bookings_table',24),
	(71,'2021_04_15_105212_create_appointment_reviews_table',24),
	(73,'2021_04_15_121056_create_appointment_booking_times_table',24),
	(76,'2020_07_08_132910_create_product_cupons_table',26),
	(77,'2020_07_08_161737_create_product_shippings_table',26),
	(80,'2020_07_13_124351_create_product_orders_table',26),
	(81,'2020_07_21_053307_create_product_ratings_table',26),
	(82,'2021_04_15_105219_create_appointment_categories_table',27),
	(83,'2021_04_26_090448_create_appointment_category_langs_table',27),
	(84,'2021_04_15_105154_create_appointments_table',28),
	(85,'2021_04_26_095611_create_appointment_langs_table',28),
	(88,'2020_07_09_084606_create_product_categories_table',29),
	(89,'2021_04_28_104831_create_product_category_langs_table',29),
	(93,'2021_04_28_110990_create_products_table',30),
	(94,'2021_04_28_110995_create_products_langs_table',30),
	(102,'2020_01_25_155448_create_pages_table',31),
	(106,'2021_04_30_113454_create_page_langs_table',32),
	(107,'2021_04_30_141804_create_service_category_langs_table',32),
	(108,'2020_01_23_162404_create_service_categories_table',33),
	(109,'2021_05_01_152404_create_services_table',34),
	(110,'2021_05_01_152405_create_services_langs_table',35),
	(111,'2021_05_06_092507_create_price_plans_table',36),
	(112,'2021_05_06_092508_create_price_plan_langs_table',36),
	(113,'2021_05_18_062316_create_practice_areas_table',37),
	(114,'2021_05_18_062351_create_cases_table',37),
	(115,'2021_05_18_062404_create_attorneys_table',37),
	(116,'2021_05_19_111058_create_practice_area_categories_table',37),
	(117,'2021_05_19_111128_create_practice_area_category_langs_table',37),
	(119,'2021_05_20_045324_create_practice_area_langs_table',38),
	(120,'2021_05_20_120226_create_case_categories_table',39),
	(121,'2021_05_20_120508_create_case_category_langs_table',39),
	(122,'2021_05_20_120550_create_case_langs_table',39),
	(123,'2021_05_22_114053_create_attorney_langs_table',40),
	(124,'2021_05_24_050431_create_consulations_table',41),
	(125,'2021_07_11_074827_create_faqs_table',42),
	(126,'2021_07_11_100738_create_knowledgebases_table',43),
	(127,'2021_07_11_101149_create_knowledgebase_topics_table',43),
	(128,'2021_07_13_094939_create_article_feedback_table',44),
	(129,'2021_07_17_102852_create_newsletters_table',45),
	(130,'2021_07_18_042242_create_topbar_infos_table',46),
	(131,'2021_07_18_141810_create_pages_table',47),
	(132,'2021_07_25_074757_create_support_tickets_table',48),
	(133,'2021_07_25_075035_create_support_ticket_messages_table',48),
	(134,'2021_07_28_152714_create_canned_responses_table',49),
	(135,'2021_07_30_095752_create_activity_log_table',50),
	(136,'2021_08_02_075306_create_permission_tables',51),
	(137,'2021_08_03_051202_create_admin_roles_table',52),
	(138,'2021_08_04_053348_create_purchase_codes_table',53),
	(140,'2021_08_30_172607_create_support_ticket_automations_table',54);

/*!40000 ALTER TABLE `migrations` ENABLE KEYS */;
UNLOCK TABLES;


# Dump of table model_has_permissions
# ------------------------------------------------------------

DROP TABLE IF EXISTS `model_has_permissions`;

CREATE TABLE `model_has_permissions` (
  `permission_id` bigint(20) unsigned NOT NULL,
  `model_type` varchar(191) COLLATE utf8mb4_unicode_ci NOT NULL,
  `model_id` bigint(20) unsigned NOT NULL,
  PRIMARY KEY (`permission_id`,`model_id`,`model_type`),
  KEY `model_has_permissions_model_id_model_type_index` (`model_id`,`model_type`),
  CONSTRAINT `model_has_permissions_permission_id_foreign` FOREIGN KEY (`permission_id`) REFERENCES `permissions` (`id`) ON DELETE CASCADE
) ENGINE=InnoDB DEFAULT CHARSET=utf8mb4 COLLATE=utf8mb4_unicode_ci;



# Dump of table model_has_roles
# ------------------------------------------------------------

DROP TABLE IF EXISTS `model_has_roles`;

CREATE TABLE `model_has_roles` (
  `role_id` bigint(20) unsigned NOT NULL,
  `model_type` varchar(191) COLLATE utf8mb4_unicode_ci NOT NULL,
  `model_id` bigint(20) unsigned NOT NULL,
  PRIMARY KEY (`role_id`,`model_id`,`model_type`),
  KEY `model_has_roles_model_id_model_type_index` (`model_id`,`model_type`),
  CONSTRAINT `model_has_roles_role_id_foreign` FOREIGN KEY (`role_id`) REFERENCES `roles` (`id`) ON DELETE CASCADE
) ENGINE=InnoDB DEFAULT CHARSET=utf8mb4 COLLATE=utf8mb4_unicode_ci;

LOCK TABLES `model_has_roles` WRITE;
/*!40000 ALTER TABLE `model_has_roles` DISABLE KEYS */;

INSERT INTO `model_has_roles` (`role_id`, `model_type`, `model_id`)
VALUES
	(3,'App\\Admin',10),
	(4,'App\\Admin',12);

/*!40000 ALTER TABLE `model_has_roles` ENABLE KEYS */;
UNLOCK TABLES;


# Dump of table newsletters
# ------------------------------------------------------------

DROP TABLE IF EXISTS `newsletters`;

CREATE TABLE `newsletters` (
  `id` bigint(20) unsigned NOT NULL AUTO_INCREMENT,
  `email` varchar(191) COLLATE utf8mb4_unicode_ci NOT NULL,
  `verified` varchar(50) COLLATE utf8mb4_unicode_ci DEFAULT NULL,
  `verified_token` varchar(191) COLLATE utf8mb4_unicode_ci DEFAULT NULL,
  `created_at` timestamp NULL DEFAULT NULL,
  `updated_at` timestamp NULL DEFAULT NULL,
  PRIMARY KEY (`id`),
  UNIQUE KEY `newsletters_email_unique` (`email`)
) ENGINE=InnoDB DEFAULT CHARSET=utf8mb4 COLLATE=utf8mb4_unicode_ci;



# Dump of table pages
# ------------------------------------------------------------

DROP TABLE IF EXISTS `pages`;

CREATE TABLE `pages` (
  `id` bigint(20) unsigned NOT NULL AUTO_INCREMENT,
  `title` text COLLATE utf8mb4_unicode_ci NOT NULL,
  `slug` text COLLATE utf8mb4_unicode_ci,
  `meta_tags` text COLLATE utf8mb4_unicode_ci,
  `meta_description` text COLLATE utf8mb4_unicode_ci,
  `content` longtext COLLATE utf8mb4_unicode_ci,
  `lang` varchar(191) COLLATE utf8mb4_unicode_ci DEFAULT NULL,
  `status` varchar(191) COLLATE utf8mb4_unicode_ci DEFAULT NULL,
  `visibility` varchar(191) COLLATE utf8mb4_unicode_ci DEFAULT NULL,
  `created_at` timestamp NULL DEFAULT NULL,
  `updated_at` timestamp NULL DEFAULT NULL,
  PRIMARY KEY (`id`)
) ENGINE=InnoDB DEFAULT CHARSET=utf8mb4 COLLATE=utf8mb4_unicode_ci;

LOCK TABLES `pages` WRITE;
/*!40000 ALTER TABLE `pages` DISABLE KEYS */;

INSERT INTO `pages` (`id`, `title`, `slug`, `meta_tags`, `meta_description`, `content`, `lang`, `status`, `visibility`, `created_at`, `updated_at`)
VALUES
	(4,' ','sfh-alakhtbar','','','<p>    <br></p>','ar','publish','all','2021-08-02 12:29:27','2021-08-02 12:29:27'),
	(5,'para probar','para-probar','para probar','para probar','<p>Esto es para probar<br></p>','es_ES','publish','all','2021-08-02 12:30:37','2021-08-02 12:30:37'),
	(6,'Terms & Conditions','terms-conditions',NULL,NULL,'<p style=\"margin-bottom: 20px; font-family: &quot;Helvetica Neue&quot;, Helvetica, Arial, sans-serif; font-size: 14px; color: rgb(102, 102, 102);\">At pexdoc, accessible from https://xgenious.com/laravel/pexdoc/, one of our main priorities is the privacy of our visitors. This Privacy Policy document contains types of information that is collected and recorded by pexdoc&nbsp;and how we use it.</p><p style=\"margin-bottom: 20px; font-family: &quot;Helvetica Neue&quot;, Helvetica, Arial, sans-serif; font-size: 14px; color: rgb(102, 102, 102);\">If you have additional questions or require more information about our Privacy Policy, do not hesitate to contact us.</p><p style=\"margin-bottom: 20px; font-family: &quot;Helvetica Neue&quot;, Helvetica, Arial, sans-serif; font-size: 14px; color: rgb(102, 102, 102);\">This Privacy Policy applies only to our online activities and is valid for visitors to our website with regards to the information that they shared and/or collect in pexdoc. This policy is not applicable to any information collected offline or via channels other than this website. Our Privacy Policy was created with the help of the&nbsp;<a href=\"https://www.privacypolicygenerator.info/\" style=\"color: rgb(102, 102, 102);\">Privacy Policy Generator</a>.</p><h2 style=\"margin-bottom: 18px; font-family: &quot;Helvetica Neue&quot;, Helvetica, Arial, sans-serif; line-height: 1.1; color: rgb(102, 102, 102); font-size: 16px;\">Consent</h2><p style=\"margin-bottom: 20px; font-family: &quot;Helvetica Neue&quot;, Helvetica, Arial, sans-serif; font-size: 14px; color: rgb(102, 102, 102);\">By using our website, you hereby consent to our Privacy Policy and agree to its terms.</p><h2 style=\"margin-bottom: 18px; font-family: &quot;Helvetica Neue&quot;, Helvetica, Arial, sans-serif; line-height: 1.1; color: rgb(102, 102, 102); font-size: 16px;\">Information we collect</h2><p style=\"margin-bottom: 20px; font-family: &quot;Helvetica Neue&quot;, Helvetica, Arial, sans-serif; font-size: 14px; color: rgb(102, 102, 102);\">The personal information that you are asked to provide, and the reasons why you are asked to provide it, will be made clear to you at the point we ask you to provide your personal information.</p><p style=\"margin-bottom: 20px; font-family: &quot;Helvetica Neue&quot;, Helvetica, Arial, sans-serif; font-size: 14px; color: rgb(102, 102, 102);\">If you contact us directly, we may receive additional information about you such as your name, email address, phone number, the contents of the message and/or attachments you may send us, and any other information you may choose to provide.</p><p style=\"margin-bottom: 20px; font-family: &quot;Helvetica Neue&quot;, Helvetica, Arial, sans-serif; font-size: 14px; color: rgb(102, 102, 102);\">When you register for an Account, we may ask for your contact information, including items such as name, company name, address, email address, and telephone number.</p><h2 style=\"margin-bottom: 18px; font-family: &quot;Helvetica Neue&quot;, Helvetica, Arial, sans-serif; line-height: 1.1; color: rgb(102, 102, 102); font-size: 16px;\">How we use your information</h2><p style=\"margin-bottom: 20px; font-family: &quot;Helvetica Neue&quot;, Helvetica, Arial, sans-serif; font-size: 14px; color: rgb(102, 102, 102);\">We use the information we collect in various ways, including to:</p><ul style=\"margin-bottom: 10px; color: rgb(102, 102, 102); font-family: &quot;Helvetica Neue&quot;, Helvetica, Arial, sans-serif;\"><li>Provide, operate, and maintain our website</li><li>Improve, personalize, and expand our website</li><li>Understand and analyze how you use our website</li><li>Develop new products, services, features, and functionality</li><li>Communicate with you, either directly or through one of our partners, including for customer service, to provide you with updates and other information relating to the website, and for marketing and promotional purposes</li><li>Send you emails</li><li>Find and prevent fraud</li></ul><h2 style=\"margin-bottom: 18px; font-family: &quot;Helvetica Neue&quot;, Helvetica, Arial, sans-serif; line-height: 1.1; color: rgb(102, 102, 102); font-size: 16px;\">Log Files</h2><p style=\"margin-bottom: 20px; font-family: &quot;Helvetica Neue&quot;, Helvetica, Arial, sans-serif; font-size: 14px; color: rgb(102, 102, 102);\">fundorex follows a standard procedure of using log files. These files log visitors when they visit websites. All hosting companies do this and a part of hosting services\' analytics. The information collected by log files include internet protocol (IP) addresses, browser type, Internet Service Provider (ISP), date and time stamp, referring/exit pages, and possibly the number of clicks. These are not linked to any information that is personally identifiable. The purpose of the information is for analyzing trends, administering the site, tracking users\' movement on the website, and gathering demographic information.</p><h2 style=\"margin-bottom: 18px; font-family: &quot;Helvetica Neue&quot;, Helvetica, Arial, sans-serif; line-height: 1.1; color: rgb(102, 102, 102); font-size: 16px;\">Cookies and Web Beacons</h2><p style=\"margin-bottom: 20px; font-family: &quot;Helvetica Neue&quot;, Helvetica, Arial, sans-serif; font-size: 14px; color: rgb(102, 102, 102);\">Like any other website, fundorex uses \'cookies\'. These cookies are used to store information including visitors\' preferences, and the pages on the website that the visitor accessed or visited. The information is used to optimize the users\' experience by customizing our web page content based on visitors\' browser type and/or other information.</p><p style=\"margin-bottom: 20px; font-family: &quot;Helvetica Neue&quot;, Helvetica, Arial, sans-serif; font-size: 14px; color: rgb(102, 102, 102);\">For more general information on cookies, please read&nbsp;<a href=\"https://www.privacypolicyonline.com/what-are-cookies/\" style=\"color: rgb(102, 102, 102);\">\"What Are Cookies\"</a>.</p><h2 style=\"margin-bottom: 18px; font-family: &quot;Helvetica Neue&quot;, Helvetica, Arial, sans-serif; line-height: 1.1; color: rgb(102, 102, 102); font-size: 16px;\">Advertising Partners Privacy Policies</h2><p style=\"margin-bottom: 20px; font-family: &quot;Helvetica Neue&quot;, Helvetica, Arial, sans-serif; font-size: 14px; color: rgb(102, 102, 102);\">You may consult this list to find the Privacy Policy for each of the advertising partners of fundorex.</p><p style=\"margin-bottom: 20px; font-family: &quot;Helvetica Neue&quot;, Helvetica, Arial, sans-serif; font-size: 14px; color: rgb(102, 102, 102);\">Third-party ad servers or ad networks uses technologies like cookies, JavaScript, or Web Beacons that are used in their respective advertisements and links that appear on fundorex, which are sent directly to users\' browser. They automatically receive your IP address when this occurs. These technologies are used to measure the effectiveness of their advertising campaigns and/or to personalize the advertising content that you see on websites that you visit.</p><p style=\"margin-bottom: 20px; font-family: &quot;Helvetica Neue&quot;, Helvetica, Arial, sans-serif; font-size: 14px; color: rgb(102, 102, 102);\">Note that fundorex has no access to or control over these cookies that are used by third-party advertisers.</p><h2 style=\"margin-bottom: 18px; font-family: &quot;Helvetica Neue&quot;, Helvetica, Arial, sans-serif; line-height: 1.1; color: rgb(102, 102, 102); font-size: 16px;\">Third Party Privacy Policies</h2><p style=\"margin-bottom: 20px; font-family: &quot;Helvetica Neue&quot;, Helvetica, Arial, sans-serif; font-size: 14px; color: rgb(102, 102, 102);\">fundorex\'s Privacy Policy does not apply to other advertisers or websites. Thus, we are advising you to consult the respective Privacy Policies of these third-party ad servers for more detailed information. It may include their practices and instructions about how to opt-out of certain options.</p><p style=\"margin-bottom: 20px; font-family: &quot;Helvetica Neue&quot;, Helvetica, Arial, sans-serif; font-size: 14px; color: rgb(102, 102, 102);\">You can choose to disable cookies through your individual browser options. To know more detailed information about cookie management with specific web browsers, it can be found at the browsers\' respective websites.</p><h2 style=\"margin-bottom: 18px; font-family: &quot;Helvetica Neue&quot;, Helvetica, Arial, sans-serif; line-height: 1.1; color: rgb(102, 102, 102); font-size: 16px;\">CCPA Privacy Rights (Do Not Sell My Personal Information)</h2><p style=\"margin-bottom: 20px; font-family: &quot;Helvetica Neue&quot;, Helvetica, Arial, sans-serif; font-size: 14px; color: rgb(102, 102, 102);\">Under the CCPA, among other rights, California consumers have the right to:</p><p style=\"margin-bottom: 20px; font-family: &quot;Helvetica Neue&quot;, Helvetica, Arial, sans-serif; font-size: 14px; color: rgb(102, 102, 102);\">Request that a business that collects a consumer\'s personal data disclose the categories and specific pieces of personal data that a business has collected about consumers.</p><p style=\"margin-bottom: 20px; font-family: &quot;Helvetica Neue&quot;, Helvetica, Arial, sans-serif; font-size: 14px; color: rgb(102, 102, 102);\">Request that a business delete any personal data about the consumer that a business has collected.</p><p style=\"margin-bottom: 20px; font-family: &quot;Helvetica Neue&quot;, Helvetica, Arial, sans-serif; font-size: 14px; color: rgb(102, 102, 102);\">Request that a business that sells a consumer\'s personal data, not sell the consumer\'s personal data.</p><p style=\"margin-bottom: 20px; font-family: &quot;Helvetica Neue&quot;, Helvetica, Arial, sans-serif; font-size: 14px; color: rgb(102, 102, 102);\">If you make a request, we have one month to respond to you. If you would like to exercise any of these rights, please contact us.</p><h2 style=\"margin-bottom: 18px; font-family: &quot;Helvetica Neue&quot;, Helvetica, Arial, sans-serif; line-height: 1.1; color: rgb(102, 102, 102); font-size: 16px;\">GDPR Data Protection Rights</h2><p style=\"margin-bottom: 20px; font-family: &quot;Helvetica Neue&quot;, Helvetica, Arial, sans-serif; font-size: 14px; color: rgb(102, 102, 102);\">We would like to make sure you are fully aware of all of your data protection rights. Every user is entitled to the following:</p><p style=\"margin-bottom: 20px; font-family: &quot;Helvetica Neue&quot;, Helvetica, Arial, sans-serif; font-size: 14px; color: rgb(102, 102, 102);\">The right to access  You have the right to request copies of your personal data. We may charge you a small fee for this service.</p><p style=\"margin-bottom: 20px; font-family: &quot;Helvetica Neue&quot;, Helvetica, Arial, sans-serif; font-size: 14px; color: rgb(102, 102, 102);\">The right to rectification  You have the right to request that we correct any information you believe is inaccurate. You also have the right to request that we complete the information you believe is incomplete.</p><p style=\"margin-bottom: 20px; font-family: &quot;Helvetica Neue&quot;, Helvetica, Arial, sans-serif; font-size: 14px; color: rgb(102, 102, 102);\">The right to erasure  You have the right to request that we erase your personal data, under certain conditions.</p><p style=\"margin-bottom: 20px; font-family: &quot;Helvetica Neue&quot;, Helvetica, Arial, sans-serif; font-size: 14px; color: rgb(102, 102, 102);\">The right to restrict processing  You have the right to request that we restrict the processing of your personal data, under certain conditions.</p><p style=\"margin-bottom: 20px; font-family: &quot;Helvetica Neue&quot;, Helvetica, Arial, sans-serif; font-size: 14px; color: rgb(102, 102, 102);\">The right to object to processing  You have the right to object to our processing of your personal data, under certain conditions.</p><p style=\"margin-bottom: 20px; font-family: &quot;Helvetica Neue&quot;, Helvetica, Arial, sans-serif; font-size: 14px; color: rgb(102, 102, 102);\">The right to data portability  You have the right to request that we transfer the data that we have collected to another organization, or directly to you, under certain conditions.</p><p style=\"margin-bottom: 20px; font-family: &quot;Helvetica Neue&quot;, Helvetica, Arial, sans-serif; font-size: 14px; color: rgb(102, 102, 102);\">If you make a request, we have one month to respond to you. If you would like to exercise any of these rights, please contact us.</p><h2 style=\"margin-bottom: 18px; font-family: &quot;Helvetica Neue&quot;, Helvetica, Arial, sans-serif; line-height: 1.1; color: rgb(102, 102, 102); font-size: 16px;\">Children\'s Information</h2><p style=\"margin-bottom: 20px; font-family: &quot;Helvetica Neue&quot;, Helvetica, Arial, sans-serif; font-size: 14px; color: rgb(102, 102, 102);\">Another part of our priority is adding protection for children while using the internet. We encourage parents and guardians to observe, participate in, and/or monitor and guide their online activity.</p><p style=\"margin-bottom: 20px; font-family: &quot;Helvetica Neue&quot;, Helvetica, Arial, sans-serif; font-size: 14px; color: rgb(102, 102, 102);\">fundorex does not knowingly collect any Personal Identifiable Information from children under the age of 13. If you think that your child provided this kind of information on our website, we strongly encourage you to contact us immediately and we will do our best efforts to promptly remove such information from our records.</p>','en_GB','publish','all','2021-08-25 19:18:00','2021-08-25 19:22:46'),
	(7,'Privacy Policy','privacy-policy',NULL,NULL,'<p style=\"margin-bottom: 20px; font-family: &quot;Helvetica Neue&quot;, Helvetica, Arial, sans-serif; font-size: 14px; color: rgb(102, 102, 102);\">At pexdoc, accessible from https://xgenious.com/laravel/pexdoc/, one of our main priorities is the privacy of our visitors. This Privacy Policy document contains types of information that is collected and recorded by pexdoc&nbsp;and how we use it.</p><p style=\"margin-bottom: 20px; font-family: &quot;Helvetica Neue&quot;, Helvetica, Arial, sans-serif; font-size: 14px; color: rgb(102, 102, 102);\">If you have additional questions or require more information about our Privacy Policy, do not hesitate to contact us.</p><p style=\"margin-bottom: 20px; font-family: &quot;Helvetica Neue&quot;, Helvetica, Arial, sans-serif; font-size: 14px; color: rgb(102, 102, 102);\">This Privacy Policy applies only to our online activities and is valid for visitors to our website with regards to the information that they shared and/or collect in pexdoc. This policy is not applicable to any information collected offline or via channels other than this website. Our Privacy Policy was created with the help of the&nbsp;<a href=\"https://www.privacypolicygenerator.info/\" style=\"color: rgb(102, 102, 102);\">Privacy Policy Generator</a>.</p><h2 style=\"margin-bottom: 18px; font-family: &quot;Helvetica Neue&quot;, Helvetica, Arial, sans-serif; line-height: 1.1; color: rgb(102, 102, 102); font-size: 16px;\">Consent</h2><p style=\"margin-bottom: 20px; font-family: &quot;Helvetica Neue&quot;, Helvetica, Arial, sans-serif; font-size: 14px; color: rgb(102, 102, 102);\">By using our website, you hereby consent to our Privacy Policy and agree to its terms.</p><h2 style=\"margin-bottom: 18px; font-family: &quot;Helvetica Neue&quot;, Helvetica, Arial, sans-serif; line-height: 1.1; color: rgb(102, 102, 102); font-size: 16px;\">Information we collect</h2><p style=\"margin-bottom: 20px; font-family: &quot;Helvetica Neue&quot;, Helvetica, Arial, sans-serif; font-size: 14px; color: rgb(102, 102, 102);\">The personal information that you are asked to provide, and the reasons why you are asked to provide it, will be made clear to you at the point we ask you to provide your personal information.</p><p style=\"margin-bottom: 20px; font-family: &quot;Helvetica Neue&quot;, Helvetica, Arial, sans-serif; font-size: 14px; color: rgb(102, 102, 102);\">If you contact us directly, we may receive additional information about you such as your name, email address, phone number, the contents of the message and/or attachments you may send us, and any other information you may choose to provide.</p><p style=\"margin-bottom: 20px; font-family: &quot;Helvetica Neue&quot;, Helvetica, Arial, sans-serif; font-size: 14px; color: rgb(102, 102, 102);\">When you register for an Account, we may ask for your contact information, including items such as name, company name, address, email address, and telephone number.</p><h2 style=\"margin-bottom: 18px; font-family: &quot;Helvetica Neue&quot;, Helvetica, Arial, sans-serif; line-height: 1.1; color: rgb(102, 102, 102); font-size: 16px;\">How we use your information</h2><p style=\"margin-bottom: 20px; font-family: &quot;Helvetica Neue&quot;, Helvetica, Arial, sans-serif; font-size: 14px; color: rgb(102, 102, 102);\">We use the information we collect in various ways, including to:</p><ul style=\"margin-bottom: 10px; color: rgb(102, 102, 102); font-family: &quot;Helvetica Neue&quot;, Helvetica, Arial, sans-serif;\"><li>Provide, operate, and maintain our website</li><li>Improve, personalize, and expand our website</li><li>Understand and analyze how you use our website</li><li>Develop new products, services, features, and functionality</li><li>Communicate with you, either directly or through one of our partners, including for customer service, to provide you with updates and other information relating to the website, and for marketing and promotional purposes</li><li>Send you emails</li><li>Find and prevent fraud</li></ul><h2 style=\"margin-bottom: 18px; font-family: &quot;Helvetica Neue&quot;, Helvetica, Arial, sans-serif; line-height: 1.1; color: rgb(102, 102, 102); font-size: 16px;\">Log Files</h2><p style=\"margin-bottom: 20px; font-family: &quot;Helvetica Neue&quot;, Helvetica, Arial, sans-serif; font-size: 14px; color: rgb(102, 102, 102);\">fundorex follows a standard procedure of using log files. These files log visitors when they visit websites. All hosting companies do this and a part of hosting services\' analytics. The information collected by log files include internet protocol (IP) addresses, browser type, Internet Service Provider (ISP), date and time stamp, referring/exit pages, and possibly the number of clicks. These are not linked to any information that is personally identifiable. The purpose of the information is for analyzing trends, administering the site, tracking users\' movement on the website, and gathering demographic information.</p><h2 style=\"margin-bottom: 18px; font-family: &quot;Helvetica Neue&quot;, Helvetica, Arial, sans-serif; line-height: 1.1; color: rgb(102, 102, 102); font-size: 16px;\">Cookies and Web Beacons</h2><p style=\"margin-bottom: 20px; font-family: &quot;Helvetica Neue&quot;, Helvetica, Arial, sans-serif; font-size: 14px; color: rgb(102, 102, 102);\">Like any other website, fundorex uses \'cookies\'. These cookies are used to store information including visitors\' preferences, and the pages on the website that the visitor accessed or visited. The information is used to optimize the users\' experience by customizing our web page content based on visitors\' browser type and/or other information.</p><p style=\"margin-bottom: 20px; font-family: &quot;Helvetica Neue&quot;, Helvetica, Arial, sans-serif; font-size: 14px; color: rgb(102, 102, 102);\">For more general information on cookies, please read&nbsp;<a href=\"https://www.privacypolicyonline.com/what-are-cookies/\" style=\"color: rgb(102, 102, 102);\">\"What Are Cookies\"</a>.</p><h2 style=\"margin-bottom: 18px; font-family: &quot;Helvetica Neue&quot;, Helvetica, Arial, sans-serif; line-height: 1.1; color: rgb(102, 102, 102); font-size: 16px;\">Advertising Partners Privacy Policies</h2><p style=\"margin-bottom: 20px; font-family: &quot;Helvetica Neue&quot;, Helvetica, Arial, sans-serif; font-size: 14px; color: rgb(102, 102, 102);\">You may consult this list to find the Privacy Policy for each of the advertising partners of fundorex.</p><p style=\"margin-bottom: 20px; font-family: &quot;Helvetica Neue&quot;, Helvetica, Arial, sans-serif; font-size: 14px; color: rgb(102, 102, 102);\">Third-party ad servers or ad networks uses technologies like cookies, JavaScript, or Web Beacons that are used in their respective advertisements and links that appear on fundorex, which are sent directly to users\' browser. They automatically receive your IP address when this occurs. These technologies are used to measure the effectiveness of their advertising campaigns and/or to personalize the advertising content that you see on websites that you visit.</p><p style=\"margin-bottom: 20px; font-family: &quot;Helvetica Neue&quot;, Helvetica, Arial, sans-serif; font-size: 14px; color: rgb(102, 102, 102);\">Note that fundorex has no access to or control over these cookies that are used by third-party advertisers.</p><h2 style=\"margin-bottom: 18px; font-family: &quot;Helvetica Neue&quot;, Helvetica, Arial, sans-serif; line-height: 1.1; color: rgb(102, 102, 102); font-size: 16px;\">Third Party Privacy Policies</h2><p style=\"margin-bottom: 20px; font-family: &quot;Helvetica Neue&quot;, Helvetica, Arial, sans-serif; font-size: 14px; color: rgb(102, 102, 102);\">fundorex\'s Privacy Policy does not apply to other advertisers or websites. Thus, we are advising you to consult the respective Privacy Policies of these third-party ad servers for more detailed information. It may include their practices and instructions about how to opt-out of certain options.</p><p style=\"margin-bottom: 20px; font-family: &quot;Helvetica Neue&quot;, Helvetica, Arial, sans-serif; font-size: 14px; color: rgb(102, 102, 102);\">You can choose to disable cookies through your individual browser options. To know more detailed information about cookie management with specific web browsers, it can be found at the browsers\' respective websites.</p><h2 style=\"margin-bottom: 18px; font-family: &quot;Helvetica Neue&quot;, Helvetica, Arial, sans-serif; line-height: 1.1; color: rgb(102, 102, 102); font-size: 16px;\">CCPA Privacy Rights (Do Not Sell My Personal Information)</h2><p style=\"margin-bottom: 20px; font-family: &quot;Helvetica Neue&quot;, Helvetica, Arial, sans-serif; font-size: 14px; color: rgb(102, 102, 102);\">Under the CCPA, among other rights, California consumers have the right to:</p><p style=\"margin-bottom: 20px; font-family: &quot;Helvetica Neue&quot;, Helvetica, Arial, sans-serif; font-size: 14px; color: rgb(102, 102, 102);\">Request that a business that collects a consumer\'s personal data disclose the categories and specific pieces of personal data that a business has collected about consumers.</p><p style=\"margin-bottom: 20px; font-family: &quot;Helvetica Neue&quot;, Helvetica, Arial, sans-serif; font-size: 14px; color: rgb(102, 102, 102);\">Request that a business delete any personal data about the consumer that a business has collected.</p><p style=\"margin-bottom: 20px; font-family: &quot;Helvetica Neue&quot;, Helvetica, Arial, sans-serif; font-size: 14px; color: rgb(102, 102, 102);\">Request that a business that sells a consumer\'s personal data, not sell the consumer\'s personal data.</p><p style=\"margin-bottom: 20px; font-family: &quot;Helvetica Neue&quot;, Helvetica, Arial, sans-serif; font-size: 14px; color: rgb(102, 102, 102);\">If you make a request, we have one month to respond to you. If you would like to exercise any of these rights, please contact us.</p><h2 style=\"margin-bottom: 18px; font-family: &quot;Helvetica Neue&quot;, Helvetica, Arial, sans-serif; line-height: 1.1; color: rgb(102, 102, 102); font-size: 16px;\">GDPR Data Protection Rights</h2><p style=\"margin-bottom: 20px; font-family: &quot;Helvetica Neue&quot;, Helvetica, Arial, sans-serif; font-size: 14px; color: rgb(102, 102, 102);\">We would like to make sure you are fully aware of all of your data protection rights. Every user is entitled to the following:</p><p style=\"margin-bottom: 20px; font-family: &quot;Helvetica Neue&quot;, Helvetica, Arial, sans-serif; font-size: 14px; color: rgb(102, 102, 102);\">The right to access  You have the right to request copies of your personal data. We may charge you a small fee for this service.</p><p style=\"margin-bottom: 20px; font-family: &quot;Helvetica Neue&quot;, Helvetica, Arial, sans-serif; font-size: 14px; color: rgb(102, 102, 102);\">The right to rectification  You have the right to request that we correct any information you believe is inaccurate. You also have the right to request that we complete the information you believe is incomplete.</p><p style=\"margin-bottom: 20px; font-family: &quot;Helvetica Neue&quot;, Helvetica, Arial, sans-serif; font-size: 14px; color: rgb(102, 102, 102);\">The right to erasure  You have the right to request that we erase your personal data, under certain conditions.</p><p style=\"margin-bottom: 20px; font-family: &quot;Helvetica Neue&quot;, Helvetica, Arial, sans-serif; font-size: 14px; color: rgb(102, 102, 102);\">The right to restrict processing  You have the right to request that we restrict the processing of your personal data, under certain conditions.</p><p style=\"margin-bottom: 20px; font-family: &quot;Helvetica Neue&quot;, Helvetica, Arial, sans-serif; font-size: 14px; color: rgb(102, 102, 102);\">The right to object to processing  You have the right to object to our processing of your personal data, under certain conditions.</p><p style=\"margin-bottom: 20px; font-family: &quot;Helvetica Neue&quot;, Helvetica, Arial, sans-serif; font-size: 14px; color: rgb(102, 102, 102);\">The right to data portability  You have the right to request that we transfer the data that we have collected to another organization, or directly to you, under certain conditions.</p><p style=\"margin-bottom: 20px; font-family: &quot;Helvetica Neue&quot;, Helvetica, Arial, sans-serif; font-size: 14px; color: rgb(102, 102, 102);\">If you make a request, we have one month to respond to you. If you would like to exercise any of these rights, please contact us.</p><h2 style=\"margin-bottom: 18px; font-family: &quot;Helvetica Neue&quot;, Helvetica, Arial, sans-serif; line-height: 1.1; color: rgb(102, 102, 102); font-size: 16px;\">Children\'s Information</h2><p style=\"margin-bottom: 20px; font-family: &quot;Helvetica Neue&quot;, Helvetica, Arial, sans-serif; font-size: 14px; color: rgb(102, 102, 102);\">Another part of our priority is adding protection for children while using the internet. We encourage parents and guardians to observe, participate in, and/or monitor and guide their online activity.</p><p style=\"margin-bottom: 20px; font-family: &quot;Helvetica Neue&quot;, Helvetica, Arial, sans-serif; font-size: 14px; color: rgb(102, 102, 102);\">fundorex does not knowingly collect any Personal Identifiable Information from children under the age of 13. If you think that your child provided this kind of information on our website, we strongly encourage you to contact us immediately and we will do our best efforts to promptly remove such information from our records.</p>','en_GB','publish','all','2021-08-25 19:23:08','2021-08-25 19:24:03');

/*!40000 ALTER TABLE `pages` ENABLE KEYS */;
UNLOCK TABLES;


# Dump of table password_resets
# ------------------------------------------------------------

DROP TABLE IF EXISTS `password_resets`;

CREATE TABLE `password_resets` (
  `email` varchar(191) COLLATE utf8mb4_unicode_ci NOT NULL,
  `token` varchar(191) COLLATE utf8mb4_unicode_ci NOT NULL,
  `created_at` timestamp NULL DEFAULT NULL,
  KEY `password_resets_email_index` (`email`)
) ENGINE=InnoDB DEFAULT CHARSET=utf8mb4 COLLATE=utf8mb4_unicode_ci;

LOCK TABLES `password_resets` WRITE;
/*!40000 ALTER TABLE `password_resets` DISABLE KEYS */;

INSERT INTO `password_resets` (`email`, `token`, `created_at`)
VALUES
	('shawonrog@gmail.com','gt62syz8Z6ba5V7GTtnBIZchwHJvfZ',NULL),
	('shawon9324@gmail.com','7hAYG5ygkSjbarITWMFYFywmPolQzO',NULL);

/*!40000 ALTER TABLE `password_resets` ENABLE KEYS */;
UNLOCK TABLES;


# Dump of table permissions
# ------------------------------------------------------------

DROP TABLE IF EXISTS `permissions`;

CREATE TABLE `permissions` (
  `id` bigint(20) unsigned NOT NULL AUTO_INCREMENT,
  `name` varchar(191) COLLATE utf8mb4_unicode_ci NOT NULL,
  `guard_name` varchar(191) COLLATE utf8mb4_unicode_ci NOT NULL,
  `created_at` timestamp NULL DEFAULT NULL,
  `updated_at` timestamp NULL DEFAULT NULL,
  PRIMARY KEY (`id`),
  UNIQUE KEY `permissions_name_guard_name_unique` (`name`,`guard_name`)
) ENGINE=InnoDB DEFAULT CHARSET=utf8mb4 COLLATE=utf8mb4_unicode_ci;

LOCK TABLES `permissions` WRITE;
/*!40000 ALTER TABLE `permissions` DISABLE KEYS */;

INSERT INTO `permissions` (`id`, `name`, `guard_name`, `created_at`, `updated_at`)
VALUES
	(5,'user-list','admin','2021-08-02 12:01:23','2021-08-02 12:01:23'),
	(6,'user-edit','admin','2021-08-02 12:01:23','2021-08-02 12:01:23'),
	(7,'user-create','admin','2021-08-02 12:01:23','2021-08-02 12:01:23'),
	(8,'user-delete','admin','2021-08-02 12:01:23','2021-08-02 12:01:23'),
	(9,'newsletter-list','admin','2021-08-02 12:04:01','2021-08-02 12:04:01'),
	(10,'newsletter-create','admin','2021-08-02 12:04:01','2021-08-02 12:04:01'),
	(11,'newsletter-mail-send','admin','2021-08-02 12:04:01','2021-08-02 12:04:01'),
	(12,'newsletter-delete','admin','2021-08-02 12:04:01','2021-08-02 12:04:01'),
	(13,'knowledgebase-list','admin','2021-08-02 12:13:10','2021-08-02 12:13:10'),
	(14,'knowledgebase-create','admin','2021-08-02 12:13:10','2021-08-02 12:13:10'),
	(15,'knowledgebase-edit','admin','2021-08-02 12:13:10','2021-08-02 12:13:10'),
	(16,'knowledgebase-delete','admin','2021-08-02 12:13:10','2021-08-02 12:13:10'),
	(17,'knowledgebase-page-settings','admin','2021-08-02 12:13:10','2021-08-02 12:13:10'),
	(18,'knowledgebase-single-page-settings','admin','2021-08-02 12:13:10','2021-08-02 12:13:10'),
	(19,'knowledgebase-feedback-queries-list','admin','2021-08-02 12:13:10','2021-08-02 12:13:10'),
	(20,'knowledgebase-feedback-queries-mail-send','admin','2021-08-02 12:13:10','2021-08-02 12:13:10'),
	(21,'knowledgebase-feedback-queries-delete','admin','2021-08-02 12:13:10','2021-08-02 12:13:10'),
	(22,'knowledgebase-topic-list','admin','2021-08-02 12:13:10','2021-08-02 12:13:10'),
	(23,'knowledgebase-topic-create','admin','2021-08-02 12:13:10','2021-08-02 12:13:10'),
	(24,'knowledgebase-topic-edit','admin','2021-08-02 12:13:10','2021-08-02 12:13:10'),
	(25,'knowledgebase-topic-delete','admin','2021-08-02 12:13:10','2021-08-02 12:13:10'),
	(26,'support-ticket-dashboard','admin','2021-08-02 12:19:25','2021-08-02 12:19:25'),
	(27,'support-ticket-filter','admin','2021-08-02 12:19:25','2021-08-02 12:19:25'),
	(28,'support-ticket-list','admin','2021-08-02 12:19:25','2021-08-02 12:19:25'),
	(29,'support-ticket-create','admin','2021-08-02 12:19:25','2021-08-02 12:19:25'),
	(30,'support-ticket-edit','admin','2021-08-02 12:19:25','2021-08-02 12:19:25'),
	(31,'support-ticket-delete','admin','2021-08-02 12:19:25','2021-08-02 12:19:25'),
	(32,'support-ticket-view','admin','2021-08-02 12:19:25','2021-08-02 12:19:25'),
	(33,'ticket-canned-response-list','admin','2021-08-02 12:19:25','2021-08-02 12:19:25'),
	(34,'ticket-canned-response-create','admin','2021-08-02 12:19:26','2021-08-02 12:19:26'),
	(35,'ticket-canned-response-edit','admin','2021-08-02 12:19:26','2021-08-02 12:19:26'),
	(36,'ticket-canned-response-delete','admin','2021-08-02 12:19:26','2021-08-02 12:19:26'),
	(37,'blog-list','admin','2021-08-02 12:24:56','2021-08-02 12:24:56'),
	(38,'blog-create','admin','2021-08-02 12:24:56','2021-08-02 12:24:56'),
	(39,'blog-edit','admin','2021-08-02 12:24:56','2021-08-02 12:24:56'),
	(40,'blog-delete','admin','2021-08-02 12:24:56','2021-08-02 12:24:56'),
	(41,'blog-category-list','admin','2021-08-02 12:24:57','2021-08-02 12:24:57'),
	(42,'blog-category-create','admin','2021-08-02 12:24:57','2021-08-02 12:24:57'),
	(43,'blog-category-edit','admin','2021-08-02 12:24:57','2021-08-02 12:24:57'),
	(44,'blog-category-delete','admin','2021-08-02 12:24:57','2021-08-02 12:24:57'),
	(45,'blog-page-settings','admin','2021-08-02 12:24:57','2021-08-02 12:24:57'),
	(46,'page-list','admin','2021-08-02 12:31:41','2021-08-02 12:31:41'),
	(47,'page-create','admin','2021-08-02 12:31:41','2021-08-02 12:31:41'),
	(48,'page-edit','admin','2021-08-02 12:31:41','2021-08-02 12:31:41'),
	(49,'page-delete','admin','2021-08-02 12:31:41','2021-08-02 12:31:41'),
	(50,'faq-list','admin','2021-08-02 12:35:54','2021-08-02 12:35:54'),
	(51,'faq-create','admin','2021-08-02 12:35:54','2021-08-02 12:35:54'),
	(52,'faq-edit','admin','2021-08-02 12:35:54','2021-08-02 12:35:54'),
	(53,'faq-delete','admin','2021-08-02 12:35:54','2021-08-02 12:35:54'),
	(54,'counterup-list','admin','2021-08-02 12:35:54','2021-08-02 12:35:54'),
	(55,'counterup-create','admin','2021-08-02 12:35:54','2021-08-02 12:35:54'),
	(56,'counterup-edit','admin','2021-08-02 12:35:54','2021-08-02 12:35:54'),
	(57,'counterup-delete','admin','2021-08-02 12:35:55','2021-08-02 12:35:55'),
	(58,'form-builder','admin','2021-08-02 12:36:48','2021-08-02 12:36:48'),
	(59,'appearance-topbar-settings','admin','2021-08-02 12:43:15','2021-08-02 12:43:15'),
	(60,'appearance-navbar-settings','admin','2021-08-02 12:43:16','2021-08-02 12:43:16'),
	(61,'appearance-home-variant','admin','2021-08-02 12:43:16','2021-08-02 12:43:16'),
	(62,'appearance-blog-variant','admin','2021-08-02 12:43:16','2021-08-02 12:43:16'),
	(63,'appearance-knowledgebase-variant','admin','2021-08-02 12:43:16','2021-08-02 12:43:16'),
	(64,'appearance-media-images','admin','2021-08-02 12:43:16','2021-08-02 12:43:16'),
	(65,'appearance-widget-builder','admin','2021-08-02 12:43:16','2021-08-02 12:43:16'),
	(66,'appearance-menu-list','admin','2021-08-02 12:43:16','2021-08-02 12:43:16'),
	(67,'appearance-menu-create','admin','2021-08-02 12:43:16','2021-08-02 12:43:16'),
	(68,'appearance-menu-edit','admin','2021-08-02 12:43:16','2021-08-02 12:43:16'),
	(69,'appearance-menu-delete','admin','2021-08-02 12:43:16','2021-08-02 12:43:16'),
	(70,'page-settings-home-page-manage','admin','2021-08-02 12:49:45','2021-08-02 12:49:45'),
	(71,'page-settings-knowledgebase-page-manage','admin','2021-08-02 12:49:45','2021-08-02 12:49:45'),
	(72,'page-settings-blog-page-manage','admin','2021-08-02 12:49:45','2021-08-02 12:49:45'),
	(73,'page-settings-contact-page-manage','admin','2021-08-02 12:49:45','2021-08-02 12:49:45'),
	(74,'page-settings-support-ticket-page-manage','admin','2021-08-02 12:49:45','2021-08-02 12:49:45'),
	(75,'page-settings-404-page-manage','admin','2021-08-02 12:49:45','2021-08-02 12:49:45'),
	(76,'page-settings-maintain-page-manage','admin','2021-08-02 12:49:45','2021-08-02 12:49:45'),
	(77,'general-settings-site-identity','admin','2021-08-02 12:56:00','2021-08-02 12:56:00'),
	(78,'general-settings-basic-settings','admin','2021-08-02 12:56:01','2021-08-02 12:56:01'),
	(79,'general-settings-color-settings','admin','2021-08-02 12:56:01','2021-08-02 12:56:01'),
	(80,'general-settings-typography-settings','admin','2021-08-02 12:56:01','2021-08-02 12:56:01'),
	(81,'general-settings-seo-settings','admin','2021-08-02 12:56:01','2021-08-02 12:56:01'),
	(82,'general-settings-third-party-script','admin','2021-08-02 12:56:01','2021-08-02 12:56:01'),
	(83,'general-settings-email-template','admin','2021-08-02 12:56:01','2021-08-02 12:56:01'),
	(84,'general-settings-smtp-settings','admin','2021-08-02 12:56:01','2021-08-02 12:56:01'),
	(85,'general-settings-page-settings','admin','2021-08-02 12:56:01','2021-08-02 12:56:01'),
	(86,'general-settings-custom-css','admin','2021-08-02 12:56:01','2021-08-02 12:56:01'),
	(87,'general-settings-custom-js','admin','2021-08-02 12:56:01','2021-08-02 12:56:01'),
	(88,'general-settings-license-settings','admin','2021-08-02 12:56:01','2021-08-02 12:56:01'),
	(89,'general-settings-cache-settings','admin','2021-08-02 12:56:01','2021-08-02 12:56:01'),
	(90,'language-list','admin','2021-08-02 12:56:01','2021-08-02 12:56:01'),
	(91,'language-create','admin','2021-08-02 12:56:01','2021-08-02 12:56:01'),
	(92,'language-edit','admin','2021-08-02 12:56:01','2021-08-02 12:56:01'),
	(93,'language-delete','admin','2021-08-02 12:56:02','2021-08-02 12:56:02'),
	(94,'purchase-code-list','admin','2021-08-04 07:56:59','2021-08-04 07:56:59'),
	(95,'purchase-code-verify','admin','2021-08-04 07:57:00','2021-08-04 07:57:00'),
	(96,'purchase-code-delete','admin','2021-08-04 07:57:00','2021-08-04 07:57:00'),
	(97,'page-settings-login-register-page-manage','admin','2021-08-07 06:39:35','2021-08-07 06:39:35');

/*!40000 ALTER TABLE `permissions` ENABLE KEYS */;
UNLOCK TABLES;


# Dump of table purchase_codes
# ------------------------------------------------------------

DROP TABLE IF EXISTS `purchase_codes`;

CREATE TABLE `purchase_codes` (
  `id` bigint(20) unsigned NOT NULL AUTO_INCREMENT,
  `user_id` varchar(20) COLLATE utf8mb4_unicode_ci DEFAULT NULL,
  `envato_username` varchar(191) COLLATE utf8mb4_unicode_ci NOT NULL,
  `purchase_code` text COLLATE utf8mb4_unicode_ci NOT NULL,
  `item_id` varchar(191) COLLATE utf8mb4_unicode_ci NOT NULL,
  `item_name` varchar(191) COLLATE utf8mb4_unicode_ci NOT NULL,
  `support_until` varchar(191) COLLATE utf8mb4_unicode_ci NOT NULL,
  `sold_at` varchar(191) COLLATE utf8mb4_unicode_ci NOT NULL,
  `purchase_count` varchar(191) COLLATE utf8mb4_unicode_ci NOT NULL,
  `license_type` varchar(191) COLLATE utf8mb4_unicode_ci NOT NULL,
  `amount` varchar(191) COLLATE utf8mb4_unicode_ci DEFAULT NULL,
  `number_of_sale` varchar(191) COLLATE utf8mb4_unicode_ci DEFAULT NULL,
  `author_username` varchar(191) COLLATE utf8mb4_unicode_ci DEFAULT NULL,
  `created_at` timestamp NULL DEFAULT NULL,
  `updated_at` timestamp NULL DEFAULT NULL,
  PRIMARY KEY (`id`)
) ENGINE=InnoDB DEFAULT CHARSET=utf8mb4 COLLATE=utf8mb4_unicode_ci;



# Dump of table role_has_permissions
# ------------------------------------------------------------

DROP TABLE IF EXISTS `role_has_permissions`;

CREATE TABLE `role_has_permissions` (
  `permission_id` bigint(20) unsigned NOT NULL,
  `role_id` bigint(20) unsigned NOT NULL,
  PRIMARY KEY (`permission_id`,`role_id`),
  KEY `role_has_permissions_role_id_foreign` (`role_id`),
  CONSTRAINT `role_has_permissions_permission_id_foreign` FOREIGN KEY (`permission_id`) REFERENCES `permissions` (`id`) ON DELETE CASCADE,
  CONSTRAINT `role_has_permissions_role_id_foreign` FOREIGN KEY (`role_id`) REFERENCES `roles` (`id`) ON DELETE CASCADE
) ENGINE=InnoDB DEFAULT CHARSET=utf8mb4 COLLATE=utf8mb4_unicode_ci;

LOCK TABLES `role_has_permissions` WRITE;
/*!40000 ALTER TABLE `role_has_permissions` DISABLE KEYS */;

INSERT INTO `role_has_permissions` (`permission_id`, `role_id`)
VALUES
	(90,2),
	(91,2),
	(92,2),
	(93,2),
	(5,3),
	(6,3),
	(7,3),
	(8,3),
	(9,3),
	(10,3),
	(11,3),
	(12,3),
	(13,3),
	(14,3),
	(15,3),
	(16,3),
	(17,3),
	(18,3),
	(19,3),
	(20,3),
	(21,3),
	(22,3),
	(23,3),
	(24,3),
	(25,3),
	(26,3),
	(27,3),
	(28,3),
	(29,3),
	(30,3),
	(31,3),
	(32,3),
	(33,3),
	(34,3),
	(35,3),
	(36,3),
	(37,3),
	(38,3),
	(39,3),
	(40,3),
	(41,3),
	(42,3),
	(43,3),
	(44,3),
	(45,3),
	(46,3),
	(47,3),
	(48,3),
	(49,3),
	(50,3),
	(51,3),
	(52,3),
	(53,3),
	(54,3),
	(55,3),
	(56,3),
	(57,3),
	(58,3),
	(59,3),
	(60,3),
	(61,3),
	(62,3),
	(63,3),
	(64,3),
	(65,3),
	(66,3),
	(67,3),
	(68,3),
	(69,3),
	(70,3),
	(71,3),
	(72,3),
	(73,3),
	(74,3),
	(75,3),
	(76,3),
	(77,3),
	(78,3),
	(79,3),
	(80,3),
	(81,3),
	(82,3),
	(83,3),
	(84,3),
	(85,3),
	(86,3),
	(87,3),
	(88,3),
	(89,3),
	(90,3),
	(91,3),
	(92,3),
	(93,3),
	(94,3),
	(95,3),
	(96,3),
	(97,3),
	(5,4),
	(6,4),
	(7,4),
	(8,4),
	(9,4),
	(10,4),
	(11,4),
	(12,4),
	(26,4),
	(27,4),
	(28,4),
	(29,4),
	(30,4),
	(31,4),
	(32,4),
	(37,4),
	(38,4),
	(39,4),
	(40,4),
	(41,4),
	(42,4),
	(43,4),
	(44,4);

/*!40000 ALTER TABLE `role_has_permissions` ENABLE KEYS */;
UNLOCK TABLES;


# Dump of table roles
# ------------------------------------------------------------

DROP TABLE IF EXISTS `roles`;

CREATE TABLE `roles` (
  `id` bigint(20) unsigned NOT NULL AUTO_INCREMENT,
  `name` varchar(191) COLLATE utf8mb4_unicode_ci NOT NULL,
  `guard_name` varchar(191) COLLATE utf8mb4_unicode_ci NOT NULL,
  `created_at` timestamp NULL DEFAULT NULL,
  `updated_at` timestamp NULL DEFAULT NULL,
  PRIMARY KEY (`id`),
  UNIQUE KEY `roles_name_guard_name_unique` (`name`,`guard_name`)
) ENGINE=InnoDB DEFAULT CHARSET=utf8mb4 COLLATE=utf8mb4_unicode_ci;

LOCK TABLES `roles` WRITE;
/*!40000 ALTER TABLE `roles` DISABLE KEYS */;

INSERT INTO `roles` (`id`, `name`, `guard_name`, `created_at`, `updated_at`)
VALUES
	(2,'Editor','admin','2021-08-02 13:39:46','2021-08-02 13:48:16'),
	(3,'Super Admin','admin','2021-08-02 13:44:05','2021-08-02 13:44:05'),
	(4,'Admin','admin','2021-08-02 13:46:07','2021-08-02 13:46:07');

/*!40000 ALTER TABLE `roles` ENABLE KEYS */;
UNLOCK TABLES;


# Dump of table social_icons
# ------------------------------------------------------------

DROP TABLE IF EXISTS `social_icons`;

CREATE TABLE `social_icons` (
  `id` bigint(20) unsigned NOT NULL,
  `icon` varchar(191) COLLATE utf8mb4_unicode_ci NOT NULL,
  `url` varchar(191) COLLATE utf8mb4_unicode_ci NOT NULL,
  `created_at` timestamp NULL DEFAULT NULL,
  `updated_at` timestamp NULL DEFAULT NULL,
  PRIMARY KEY (`id`)
) ENGINE=InnoDB DEFAULT CHARSET=utf8mb4 COLLATE=utf8mb4_unicode_ci;

LOCK TABLES `social_icons` WRITE;
/*!40000 ALTER TABLE `social_icons` DISABLE KEYS */;

INSERT INTO `social_icons` (`id`, `icon`, `url`, `created_at`, `updated_at`)
VALUES
	(1,'fab fa-twitter','https://twitter.com/xgenious1','2021-04-04 08:04:23','2021-04-04 08:45:28'),
	(2,'fab fa-linkedin-in','https://www.linkedin.com/company/30951721','2021-04-04 08:04:45','2021-04-10 07:00:00'),
	(3,'fab fa-facebook-f','https://www.facebook.com/xgenious/','2021-04-04 08:43:50','2021-04-04 08:43:50'),
	(4,'fab fa-youtube','https://www.youtube.com/channel/UCmYjh4uaAu4jWqHOGbzuQJg','2021-04-04 08:46:36','2021-04-04 08:46:36');

/*!40000 ALTER TABLE `social_icons` ENABLE KEYS */;
UNLOCK TABLES;


# Dump of table static_options
# ------------------------------------------------------------

DROP TABLE IF EXISTS `static_options`;

CREATE TABLE `static_options` (
  `id` bigint(20) unsigned NOT NULL AUTO_INCREMENT,
  `option_name` varchar(191) COLLATE utf8mb4_unicode_ci NOT NULL,
  `option_value` longtext COLLATE utf8mb4_unicode_ci,
  `created_at` timestamp NULL DEFAULT NULL,
  `updated_at` timestamp NULL DEFAULT NULL,
  PRIMARY KEY (`id`)
) ENGINE=InnoDB DEFAULT CHARSET=utf8mb4 COLLATE=utf8mb4_unicode_ci;

LOCK TABLES `static_options` WRITE;
/*!40000 ALTER TABLE `static_options` DISABLE KEYS */;

INSERT INTO `static_options` (`id`, `option_name`, `option_value`, `created_at`, `updated_at`)
VALUES
	(1,'site_admin_dark_mode','off','2021-07-08 08:59:09','2021-08-12 10:49:14'),
	(2,'site_logo','4','2021-07-08 10:25:55','2021-08-07 10:24:09'),
	(3,'site_favicon','9','2021-07-08 10:25:55','2021-08-07 10:24:09'),
	(4,'site_breadcrumb_img','1','2021-07-08 10:25:55','2021-07-08 10:29:32'),
	(5,'site_en_GB_title','Pexdoc','2021-07-08 10:31:00','2021-08-04 15:38:55'),
	(6,'site_en_GB_tag_line','Knowledgebase & Documentation','2021-07-08 10:31:00','2021-08-04 15:38:55'),
	(7,'site_en_GB_footer_copyright','{copy}  {year}  All right reserved by Pexdoc','2021-07-08 10:31:00','2021-08-04 15:38:55'),
	(8,'site_ar_title','','2021-07-08 10:31:00','2021-08-04 15:38:55'),
	(9,'site_ar_tag_line','  ','2021-07-08 10:31:00','2021-08-04 15:38:55'),
	(10,'site_ar_footer_copyright','{copy} {year}     Pexdoc','2021-07-08 10:31:00','2021-08-04 15:38:55'),
	(11,'language_select_option','on','2021-07-08 10:31:00','2021-08-04 15:38:55'),
	(12,'disable_user_email_verify',NULL,'2021-07-08 10:31:00','2021-08-04 15:38:55'),
	(13,'site_main_color','#FA3E83','2021-07-08 10:31:00','2021-07-08 13:44:08'),
	(14,'site_secondary_color','#7F65DC','2021-07-08 10:31:00','2021-07-08 13:44:09'),
	(15,'site_maintenance_mode',NULL,'2021-07-08 10:31:00','2021-08-04 15:38:55'),
	(16,'admin_loader_animation',NULL,'2021-07-08 10:31:00','2021-08-04 15:38:55'),
	(17,'site_loader_animation','on','2021-07-08 10:31:00','2021-08-04 15:38:55'),
	(18,'guest_order_system_status',NULL,'2021-07-08 10:31:00','2021-07-08 13:27:48'),
	(19,'admin_panel_rtl_status',NULL,'2021-07-08 10:31:00','2021-07-08 13:27:48'),
	(20,'site_force_ssl_redirection',NULL,'2021-07-08 10:31:00','2021-08-04 15:38:56'),
	(21,'site_google_captcha_enable',NULL,'2021-07-08 10:31:00','2021-08-04 15:38:56'),
	(22,'site_payment_gateway',NULL,'2021-07-08 10:31:00','2021-07-08 13:27:48'),
	(23,'site_es_ES_title','Pexdoc','2021-07-08 12:52:41','2021-08-04 15:38:55'),
	(24,'site_es_ES_tag_line','Base de conocimientos y documentacin','2021-07-08 12:52:41','2021-08-04 15:38:55'),
	(25,'site_es_ES_footer_copyright','{copy} {year} Todos los derechos reservados por Pexdoc','2021-07-08 12:52:41','2021-08-04 15:38:55'),
	(26,'site_main_color_one','#FA3E83','2021-07-08 13:31:09','2021-08-20 06:34:17'),
	(27,'site_main_color_two','#7F65DC','2021-07-08 13:31:09','2021-08-20 06:34:17'),
	(28,'site_heading_color','#2D316A','2021-07-08 13:31:09','2021-08-20 06:34:17'),
	(29,'site_paragraph_color','#696969','2021-07-08 13:31:09','2021-08-20 06:34:18'),
	(30,'home_page_variant','02','2021-07-14 00:00:00','2021-08-16 12:52:46'),
	(31,'site_purple_logo','3','2021-07-10 04:12:33','2021-08-07 10:24:09'),
	(32,'body_font_family','Open Sans','2021-07-10 04:18:05','2021-08-20 06:25:30'),
	(33,'heading_font_family','Nunito','2021-07-10 04:18:05','2021-08-20 06:25:30'),
	(34,'heading_font','on','2021-07-10 04:18:05','2021-08-20 06:25:30'),
	(35,'body_font_variant','a:3:{i:0;s:5:\"0,400\";i:1;s:5:\"0,600\";i:2;s:5:\"0,700\";}','2021-07-10 04:18:05','2021-08-20 06:25:30'),
	(36,'heading_font_variant','a:4:{i:0;s:5:\"0,400\";i:1;s:5:\"0,600\";i:2;s:5:\"0,700\";i:3;s:5:\"0,800\";}','2021-07-10 04:18:05','2021-08-20 06:25:30'),
	(37,'site_meta_en_GB_tags','documentation,information,help','2021-07-10 04:25:29','2021-07-10 04:35:30'),
	(38,'site_meta_en_GB_description','Pexdoc - Knowledgebase & Documentation','2021-07-10 04:25:29','2021-07-10 04:35:31'),
	(39,'og_meta_en_GB_title','Pexdoc - Knowledgebase & Documentation','2021-07-10 04:25:29','2021-07-10 04:35:31'),
	(40,'og_meta_en_GB_description','Pexdoc - Knowledgebase & Documentation','2021-07-10 04:25:29','2021-07-10 04:35:31'),
	(41,'og_meta_en_GB_site_name','Pexdoc','2021-07-10 04:25:29','2021-07-10 04:35:31'),
	(42,'og_meta_en_GB_url','https://xgenious.com','2021-07-10 04:25:29','2021-07-10 04:35:31'),
	(43,'og_meta_en_GB_image',NULL,'2021-07-10 04:25:29','2021-07-10 04:35:31'),
	(44,'site_meta_ar_tags',',,','2021-07-10 04:25:29','2021-07-10 04:35:31'),
	(45,'site_meta_ar_description','Pexdoc -   ','2021-07-10 04:25:29','2021-07-10 04:35:31'),
	(46,'og_meta_ar_title','Pexdoc -   ','2021-07-10 04:25:29','2021-07-10 04:35:31'),
	(47,'og_meta_ar_description','Pexdoc -   ','2021-07-10 04:25:29','2021-07-10 04:35:31'),
	(48,'og_meta_ar_site_name','Pexdoc','2021-07-10 04:25:30','2021-07-10 04:35:31'),
	(49,'og_meta_ar_url','https://xgenious.com','2021-07-10 04:25:30','2021-07-10 04:35:31'),
	(50,'og_meta_ar_image',NULL,'2021-07-10 04:25:30','2021-07-10 04:35:31'),
	(51,'site_meta_es_ES_tags','documentacin,informacin,ayuda','2021-07-10 04:25:30','2021-07-10 04:35:31'),
	(52,'site_meta_es_ES_description','Pexdoc - Base de conocimientos y documentacin','2021-07-10 04:25:30','2021-07-10 04:35:31'),
	(53,'og_meta_es_ES_title','Pexdoc - Base de conocimientos y documentacin','2021-07-10 04:25:30','2021-07-10 04:35:31'),
	(54,'og_meta_es_ES_description','Pexdoc - Base de conocimientos y documentacin','2021-07-10 04:25:30','2021-07-10 04:35:31'),
	(55,'og_meta_es_ES_site_name','Pexdoc','2021-07-10 04:25:30','2021-07-10 04:35:31'),
	(56,'og_meta_es_ES_url','#','2021-07-10 04:25:30','2021-07-10 04:35:31'),
	(57,'og_meta_es_ES_image',NULL,'2021-07-10 04:25:30','2021-07-10 04:35:31'),
	(58,'site_disqus_key','buxkit','2021-07-10 04:36:54','2021-08-28 19:10:39'),
	(59,'site_google_analytics','<script async\r\n            src=\"https://www.googletagmanager.com/gtag/js?id=UA-155343796-1\"></script>\r\n    <script>\r\n        window.dataLayer = window.dataLayer || [];\r\n\r\n        function gtag() {\r\n            dataLayer.push(arguments);\r\n        }\r\n\r\n        gtag(\'js\', new Date());\r\n\r\n        gtag(\'config\', \"{{get_static_option(\'site_google_analytics\')}}\");\r\n    </script>','2021-07-10 04:36:54','2021-08-28 19:10:39'),
	(60,'tawk_api_key','<!--Start of Tawk.to Script-->\r\n<script type=\"text/javascript\">\r\n    var Tawk_API=Tawk_API||{}, Tawk_LoadStart=new Date();\r\n    (function(){\r\n        var s1=document.createElement(\"script\"),s0=document.getElementsByTagName(\"script\")[0];\r\n        s1.async=true;\r\n        s1.src=\"https://embed.tawk.to/5e0b3e167e39ea1242a27b69/default\";\r\n        s1.charset=\'UTF-8\';\r\n        s1.setAttribute(\'crossorigin\',\'*\');\r\n        s0.parentNode.insertBefore(s1,s0);\r\n    })();\r\n</script>\r\n<!--End of Tawk.to Script-->','2021-07-10 04:36:54','2021-08-28 19:10:39'),
	(61,'site_google_captcha_v3_site_key',NULL,'2021-07-10 04:36:54','2021-08-28 19:10:39'),
	(62,'site_google_captcha_v3_secret_key',NULL,'2021-07-10 04:36:54','2021-08-28 19:10:39'),
	(63,'site_third_party_tracking_code',NULL,'2021-07-10 04:36:54','2021-08-28 19:10:39'),
	(64,'site_global_email','info@sohan.xgenious.com','2021-07-10 04:53:27','2021-07-11 07:13:58'),
	(65,'site_global_email_template','<div><br></div><div><p>Hello</p><p>Dear @username</p><p><br></p><p>@message</p><p><br></p><p>Regards</p><p>@company</p></div>','2021-07-10 04:53:27','2021-07-11 07:13:58'),
	(66,'site_smtp_mail_mailer','smtp','2021-07-10 04:55:34','2021-07-10 04:55:34'),
	(67,'site_smtp_mail_host','test@ff','2021-07-10 04:55:34','2021-07-10 04:55:34'),
	(68,'site_smtp_mail_port','587','2021-07-10 04:55:34','2021-07-10 04:55:34'),
	(69,'site_smtp_mail_username','dsfsdf','2021-07-10 04:55:34','2021-07-10 04:55:34'),
	(70,'site_smtp_mail_password','dddd','2021-07-10 04:55:34','2021-07-10 04:55:34'),
	(71,'site_smtp_mail_encryption','ssl','2021-07-10 04:55:34','2021-07-10 04:55:34'),
	(72,'knowledgebase_page_slug','knowledgebase','2021-07-10 05:04:15','2021-07-25 13:25:23'),
	(73,'blog_page_slug','blog','2021-07-10 05:04:15','2021-07-25 13:25:23'),
	(74,'contact_page_slug','contact-us','2021-07-10 05:04:15','2021-07-25 13:25:23'),
	(75,'knowledgebase_page_en_GB_name','Knowledgebase','2021-07-10 05:04:15','2021-07-25 13:25:23'),
	(76,'knowledgebase_page_en_GB_meta_tags',NULL,'2021-07-10 05:04:15','2021-07-25 13:25:23'),
	(77,'knowledgebase_page_en_GB_meta_description',NULL,'2021-07-10 05:04:15','2021-07-25 13:25:23'),
	(78,'blog_page_en_GB_name','Blog','2021-07-10 05:04:15','2021-07-25 13:25:23'),
	(79,'blog_page_en_GB_meta_tags',NULL,'2021-07-10 05:04:15','2021-07-25 13:25:23'),
	(80,'blog_page_en_GB_meta_description',NULL,'2021-07-10 05:04:15','2021-07-25 13:25:23'),
	(81,'contact_page_en_GB_name','Contact','2021-07-10 05:04:15','2021-07-25 13:25:23'),
	(82,'contact_page_en_GB_meta_tags',NULL,'2021-07-10 05:04:15','2021-07-25 13:25:23'),
	(83,'contact_page_en_GB_meta_description',NULL,'2021-07-10 05:04:15','2021-07-25 13:25:23'),
	(84,'knowledgebase_page_ar_name',' ','2021-07-10 05:04:15','2021-07-25 13:25:24'),
	(85,'knowledgebase_page_ar_meta_tags',NULL,'2021-07-10 05:04:15','2021-07-25 13:25:24'),
	(86,'knowledgebase_page_ar_meta_description',NULL,'2021-07-10 05:04:15','2021-07-25 13:25:24'),
	(87,'blog_page_ar_name','  ','2021-07-10 05:04:15','2021-07-25 13:25:24'),
	(88,'blog_page_ar_meta_tags',NULL,'2021-07-10 05:04:15','2021-07-25 13:25:24'),
	(89,'blog_page_ar_meta_description',NULL,'2021-07-10 05:04:15','2021-07-25 13:25:24'),
	(90,'contact_page_ar_name','','2021-07-10 05:04:15','2021-07-25 13:25:24'),
	(91,'contact_page_ar_meta_tags',NULL,'2021-07-10 05:04:15','2021-07-25 13:25:24'),
	(92,'contact_page_ar_meta_description',NULL,'2021-07-10 05:04:15','2021-07-25 13:25:24'),
	(93,'knowledgebase_page_es_ES_name','Base de conocimientos','2021-07-10 05:04:15','2021-07-25 13:25:25'),
	(94,'knowledgebase_page_es_ES_meta_tags',NULL,'2021-07-10 05:04:15','2021-07-25 13:25:25'),
	(95,'knowledgebase_page_es_ES_meta_description',NULL,'2021-07-10 05:04:15','2021-07-25 13:25:25'),
	(96,'blog_page_es_ES_name','Blog','2021-07-10 05:04:15','2021-07-25 13:25:25'),
	(97,'blog_page_es_ES_meta_tags',NULL,'2021-07-10 05:04:15','2021-07-25 13:25:25'),
	(98,'blog_page_es_ES_meta_description',NULL,'2021-07-10 05:04:16','2021-07-25 13:25:25'),
	(99,'contact_page_es_ES_name','Contacto','2021-07-10 05:04:16','2021-07-25 13:25:25'),
	(100,'contact_page_es_ES_meta_tags',NULL,'2021-07-10 05:04:16','2021-07-25 13:25:25'),
	(101,'contact_page_es_ES_meta_description',NULL,'2021-07-10 05:04:16','2021-07-25 13:25:25'),
	(102,'blog_page_item','6','2021-07-10 07:52:22','2021-07-14 11:59:18'),
	(103,'blog_page_recent_post_widget_item',NULL,'2021-07-10 07:52:23','2021-07-10 07:52:23'),
	(104,'faq_page_slug','faq','2021-07-10 10:39:13','2021-07-25 13:25:23'),
	(105,'faq_page_en_GB_name','FAQ','2021-07-10 10:39:13','2021-07-25 13:25:24'),
	(106,'faq_page_en_GB_meta_tags',NULL,'2021-07-10 10:39:13','2021-07-25 13:25:24'),
	(107,'faq_page_en_GB_meta_description',NULL,'2021-07-10 10:39:14','2021-07-25 13:25:24'),
	(108,'faq_page_ar_name','','2021-07-10 10:39:14','2021-07-25 13:25:24'),
	(109,'faq_page_ar_meta_tags',NULL,'2021-07-10 10:39:14','2021-07-25 13:25:24'),
	(110,'faq_page_ar_meta_description',NULL,'2021-07-10 10:39:14','2021-07-25 13:25:24'),
	(111,'faq_page_es_ES_name','Preguntas ms frecuentes','2021-07-10 10:39:15','2021-07-25 13:25:25'),
	(112,'faq_page_es_ES_meta_tags',NULL,'2021-07-10 10:39:15','2021-07-25 13:25:25'),
	(113,'faq_page_es_ES_meta_description',NULL,'2021-07-10 10:39:15','2021-07-25 13:25:25'),
	(114,'site_purple_favicon','8','2021-07-10 11:44:33','2021-08-07 10:24:09'),
	(115,'blog_page_variant','02','2021-07-10 13:58:58','2021-08-16 12:04:02'),
	(116,'contact_page_contact_form_fields','{\"field_type\":[\"text\",\"email\",\"text\",\"text\",\"textarea\"],\"field_name\":[\"name\",\"email\",\"phone\",\"address\",\"message\"],\"field_placeholder\":[\"Name\",\"Email\",\"Phone\",\"Address\",\"Message\"],\"field_required\":[\"on\",\"on\"]}','2021-07-11 04:45:54','2021-08-14 09:36:41'),
	(117,'contact_page_en_GB_phone_title','Phone','2021-07-11 05:52:40','2021-08-04 13:50:09'),
	(118,'contact_page_en_GB_phone_description','701-357-9885\r\n701-357-9877','2021-07-11 05:52:40','2021-08-04 13:50:09'),
	(119,'contact_page_en_GB_email_title','Email','2021-07-11 05:52:40','2021-08-04 13:50:09'),
	(120,'contact_page_en_GB_email_description','sohan@xgenious.com\r\ninfo@xgenious.com','2021-07-11 05:52:40','2021-08-04 13:50:09'),
	(121,'contact_page_en_GB_service_hour_title','Service Hour','2021-07-11 05:52:40','2021-08-04 13:50:09'),
	(122,'contact_page_en_GB_service_hour_description','10.00 am - 02.00 pm\r\n05.00 pm - 10.00 pm','2021-07-11 05:52:40','2021-08-04 13:50:09'),
	(123,'contact_page_phone_image','22','2021-07-11 05:52:40','2021-08-04 13:50:11'),
	(124,'contact_page_email_image','20','2021-07-11 05:52:40','2021-08-04 13:50:11'),
	(125,'contact_page_service_hour_image','21','2021-07-11 05:52:40','2021-08-04 13:50:11'),
	(126,'contact_page_ar_phone_title','','2021-07-11 05:52:40','2021-08-04 13:50:10'),
	(127,'contact_page_ar_phone_description','701-357-9885\r\n701-357-9877','2021-07-11 05:52:40','2021-08-04 13:50:10'),
	(128,'contact_page_ar_email_title',' ','2021-07-11 05:52:40','2021-08-04 13:50:10'),
	(129,'contact_page_ar_email_description','sohan@xgenious.com\r\ninfo@xgenious.com','2021-07-11 05:52:40','2021-08-04 13:50:10'),
	(130,'contact_page_ar_service_hour_title',' ','2021-07-11 05:52:40','2021-08-04 13:50:10'),
	(131,'contact_page_ar_service_hour_description','10.00 am - 02.00 pm\r\n05.00 pm - 10.00 pm','2021-07-11 05:52:40','2021-08-04 13:50:10'),
	(132,'contact_page_es_ES_phone_title','Telfono','2021-07-11 05:52:41','2021-08-04 13:50:10'),
	(133,'contact_page_es_ES_phone_description','701-357-9885\r\n701-357-9877','2021-07-11 05:52:41','2021-08-04 13:50:10'),
	(134,'contact_page_es_ES_email_title','Correo electrnico','2021-07-11 05:52:41','2021-08-04 13:50:10'),
	(135,'contact_page_es_ES_email_description','sohan@xgenious.com\r\ninfo@xgenious.com','2021-07-11 05:52:41','2021-08-04 13:50:11'),
	(136,'contact_page_es_ES_service_hour_title','Hora de servicio','2021-07-11 05:52:41','2021-08-04 13:50:11'),
	(137,'contact_page_es_ES_service_hour_description','10.00 am - 02.00 pm\r\n05.00 pm - 10.00 pm','2021-07-11 05:52:41','2021-08-04 13:50:11'),
	(138,'contact_page_map_section_location','Dhaka, Bangladesh','2021-07-11 05:52:41','2021-07-11 06:56:25'),
	(139,'contact_page_map_section_zoom','10','2021-07-11 05:52:41','2021-07-11 06:56:25'),
	(140,'contact_page_en_GB_phone_button_text','Call','2021-07-11 06:29:52','2021-08-04 13:50:09'),
	(141,'contact_page_en_GB_phone_button_url','#','2021-07-11 06:29:52','2021-08-04 13:50:09'),
	(142,'contact_page_en_GB_email_button_text','Mail Now','2021-07-11 06:29:52','2021-08-04 13:50:09'),
	(143,'contact_page_en_GB_email_button_url','#','2021-07-11 06:29:52','2021-08-04 13:50:09'),
	(144,'contact_page_en_GB_service_hour_button_text','Get Appointed','2021-07-11 06:29:52','2021-08-04 13:50:09'),
	(145,'contact_page_en_GB_service_hour_button_url','#','2021-07-11 06:29:52','2021-08-04 13:50:10'),
	(146,'contact_page_ar_phone_button_text','','2021-07-11 06:29:53','2021-08-04 13:50:10'),
	(147,'contact_page_ar_phone_button_url','#','2021-07-11 06:29:53','2021-08-04 13:50:10'),
	(148,'contact_page_ar_email_button_text',' ','2021-07-11 06:29:53','2021-08-04 13:50:10'),
	(149,'contact_page_ar_email_button_url','#','2021-07-11 06:29:53','2021-08-04 13:50:10'),
	(150,'contact_page_ar_service_hour_button_text','  ','2021-07-11 06:29:53','2021-08-04 13:50:10'),
	(151,'contact_page_ar_service_hour_button_url','#','2021-07-11 06:29:53','2021-08-04 13:50:10'),
	(152,'contact_page_es_ES_phone_button_text','Llamada','2021-07-11 06:29:53','2021-08-04 13:50:11'),
	(153,'contact_page_es_ES_phone_button_url','#','2021-07-11 06:29:53','2021-08-04 13:50:11'),
	(154,'contact_page_es_ES_email_button_text','Enviar correo','2021-07-11 06:29:53','2021-08-04 13:50:11'),
	(155,'contact_page_es_ES_email_button_url','#','2021-07-11 06:29:53','2021-08-04 13:50:11'),
	(156,'contact_page_es_ES_service_hour_button_text','Obtener cita','2021-07-11 06:29:53','2021-08-04 13:50:11'),
	(157,'contact_page_es_ES_service_hour_button_url','#','2021-07-11 06:29:53','2021-08-04 13:50:11'),
	(158,'contact_page_en_GB_heading_form_title','Get in touch with Us','2021-07-11 06:42:42','2021-08-04 13:50:09'),
	(159,'contact_page_ar_heading_form_title','   ','2021-07-11 06:42:43','2021-08-04 13:50:10'),
	(160,'contact_page_es_ES_heading_form_title','Ponte en contacto con nosotras','2021-07-11 06:42:44','2021-08-04 13:50:10'),
	(161,'site_knowledgebase_category_en_GB_title','Topics','2021-07-12 10:53:33','2021-08-16 05:21:07'),
	(162,'site_knowledgebase_popular_widget_en_GB_title','Popular Articles','2021-07-12 10:53:33','2021-08-16 05:21:07'),
	(163,'site_knowledgebase_article_topic_en_GB_title','Article Topics','2021-07-12 10:53:33','2021-08-16 05:21:07'),
	(164,'site_knowledgebase_category_ar_title',' ','2021-07-12 10:53:33','2021-08-16 05:21:07'),
	(165,'site_knowledgebase_popular_widget_ar_title',' ','2021-07-12 10:53:33','2021-08-16 05:21:07'),
	(166,'site_knowledgebase_article_topic_ar_title',' ','2021-07-12 10:53:33','2021-08-16 05:21:07'),
	(167,'site_knowledgebase_category_es_ES_title','Todos los temas','2021-07-12 10:53:33','2021-08-16 05:21:07'),
	(168,'site_knowledgebase_popular_widget_es_ES_title','articulos populares','2021-07-12 10:53:33','2021-08-16 05:21:07'),
	(169,'site_knowledgebase_article_topic_es_ES_title','Temas del artculo','2021-07-12 10:53:33','2021-08-16 05:21:08'),
	(170,'site_knoeledgebase_post_items','6','2021-07-12 10:53:33','2021-07-12 10:54:50'),
	(171,'knowledgebase_page_variant','01','2021-07-12 11:26:26','2021-08-16 12:47:19'),
	(172,'site_knowledgebase_post_items','18','2021-07-12 12:09:17','2021-08-16 05:21:08'),
	(173,'site_knowledgebase_feedback_show_hide_buttonen_GB_title',NULL,'2021-07-13 10:38:57','2021-07-13 10:53:39'),
	(174,'site_knowledgebase_feedback_en_GB_title','Was This Article helpful?','2021-07-13 10:38:57','2021-07-13 12:41:36'),
	(175,'site_knowledgebase_feedback_yes_button_en_GB_title','Yes Good','2021-07-13 10:38:57','2021-07-13 12:41:36'),
	(176,'site_knowledgebase_feedback_no_button_en_GB_title','Not Really','2021-07-13 10:38:57','2021-07-13 12:41:36'),
	(177,'site_knowledgebase_feedback_show_hide_buttonar_title',NULL,'2021-07-13 10:38:57','2021-07-13 10:53:39'),
	(178,'site_knowledgebase_feedback_ar_title','   ','2021-07-13 10:38:57','2021-07-13 12:41:36'),
	(179,'site_knowledgebase_feedback_yes_button_ar_title',' ','2021-07-13 10:38:57','2021-07-13 12:41:36'),
	(180,'site_knowledgebase_feedback_no_button_ar_title',' ','2021-07-13 10:38:57','2021-07-13 12:41:36'),
	(181,'site_knowledgebase_feedback_show_hide_buttones_ES_title',NULL,'2021-07-13 10:38:57','2021-07-13 10:53:39'),
	(182,'site_knowledgebase_feedback_es_ES_title','Es til este artculo?','2021-07-13 10:38:57','2021-07-13 12:41:36'),
	(183,'site_knowledgebase_feedback_yes_button_es_ES_title','Si buena','2021-07-13 10:38:57','2021-07-13 12:41:36'),
	(184,'site_knowledgebase_feedback_no_button_es_ES_title','Realmente no','2021-07-13 10:38:57','2021-07-13 12:41:36'),
	(185,'site_knowledgebase_feedback_show_hide_button','on','2021-07-13 10:55:52','2021-07-13 12:41:36'),
	(186,'site_knowledgebase_feedback_yes_button_en_GB_url','#','2021-07-13 11:11:30','2021-07-13 11:15:39'),
	(187,'site_knowledgebase_feedback_no_button_en_GB_url','#','2021-07-13 11:11:30','2021-07-13 11:15:39'),
	(188,'site_knowledgebase_feedback_yes_button_ar_url','#','2021-07-13 11:11:30','2021-07-13 11:15:40'),
	(189,'site_knowledgebase_feedback_no_button_ar_url','#','2021-07-13 11:11:30','2021-07-13 11:15:40'),
	(190,'site_knowledgebase_feedback_yes_button_es_ES_url','#','2021-07-13 11:11:30','2021-07-13 11:15:40'),
	(191,'site_knowledgebase_feedback_no_button_es_ES_url','#','2021-07-13 11:11:30','2021-07-13 11:15:40'),
	(192,'site_knowledgebase_feedback_form_en_GB_title','Leave your Query Here','2021-07-13 12:41:36','2021-07-13 12:41:36'),
	(193,'site_knowledgebase_feedback_form_ar_title','  ','2021-07-13 12:41:36','2021-07-13 12:41:36'),
	(194,'site_knowledgebase_feedback_form_es_ES_title','Deje su consulta aqu','2021-07-13 12:41:36','2021-07-13 12:41:36'),
	(195,'knowledgebase_support_area_en_GB_title','Need Instant Solutions?','2021-07-14 09:54:58','2021-08-04 13:44:02'),
	(196,'knowledgebase_support_area_en_GB_subtitle','Speedily say has suitable disposal add boy. On forth doubt miles of child. Exercise joy man children rejoiced.','2021-07-14 09:54:58','2021-08-04 13:44:02'),
	(197,'knowledgebase_support_area_en_GB_points','Essential discovery questions\r\nKeep the flow of conversation going\r\nSportsman delighted improving\r\nAt an these still no dried folly stood thing\r\nmobile and also compatible','2021-07-14 09:54:58','2021-08-04 13:44:02'),
	(198,'knowledgebase_support_area_en_GB_button_text','Go Here','2021-07-14 09:54:58','2021-08-04 13:44:02'),
	(199,'knowledgebase_support_area_en_GB_button_url','#','2021-07-14 09:54:58','2021-08-04 13:44:02'),
	(200,'knowledgebase_support_area_en_GB_right_image','36','2021-07-14 09:54:58','2021-08-04 13:44:02'),
	(201,'knowledgebase_support_area_ar_title','    ','2021-07-14 09:54:58','2021-08-04 13:44:03'),
	(202,'knowledgebase_support_area_ar_subtitle','      .      .     .','2021-07-14 09:54:58','2021-08-04 13:44:03'),
	(203,'knowledgebase_support_area_ar_points','  \r\n   \r\n  \r\n        \r\n   ','2021-07-14 09:54:58','2021-08-04 13:44:03'),
	(204,'knowledgebase_support_area_ar_button_text','  ','2021-07-14 09:54:58','2021-08-04 13:44:03'),
	(205,'knowledgebase_support_area_ar_button_url','#','2021-07-14 09:54:58','2021-08-04 13:44:03'),
	(206,'knowledgebase_support_area_ar_right_image','36','2021-07-14 09:54:58','2021-08-04 13:44:03'),
	(207,'knowledgebase_support_area_es_ES_title','Necesita soluciones instantneas?','2021-07-14 09:54:58','2021-08-04 13:44:03'),
	(208,'knowledgebase_support_area_es_ES_subtitle','Rpidamente diga que tiene una disposicin adecuada agregue al nio. En cuarta duda millas de nio. Ejercicio alegra hombre nios regocijados.','2021-07-14 09:54:58','2021-08-04 13:44:03'),
	(209,'knowledgebase_support_area_es_ES_points','Preguntas de descubrimiento esenciales\r\nMantenga el flujo de la conversacin\r\nDeportista encantado mejorando\r\nEn una cosa que todava no se ha secado\r\nmvil y tambin compatible','2021-07-14 09:54:59','2021-08-04 13:44:03'),
	(210,'knowledgebase_support_area_es_ES_button_text','Ven aqu','2021-07-14 09:54:59','2021-08-04 13:44:03'),
	(211,'knowledgebase_support_area_es_ES_button_url','#','2021-07-14 09:54:59','2021-08-04 13:44:03'),
	(212,'knowledgebase_support_area_es_ES_right_image','35','2021-07-14 09:54:59','2021-08-04 13:44:03'),
	(213,'blog_page_button_en_GB_title','View Details','2021-07-14 11:26:39','2021-08-04 13:45:21'),
	(214,'blog_page_button_ar_title',' ','2021-07-14 11:26:39','2021-08-04 13:45:21'),
	(215,'blog_page_button_es_ES_title','Ver detalles','2021-07-14 11:26:39','2021-08-04 13:45:21'),
	(216,'blog_page_item_01','6','2021-07-14 12:51:11','2021-08-16 12:03:48'),
	(217,'blog_page_item_02','3','2021-07-14 12:51:11','2021-08-16 12:03:00'),
	(218,'home_page_header_en_GB_title','Hi, We can help you find any information?','2021-07-15 05:40:47','2021-08-12 13:23:20'),
	(219,'home_page_header_en_GB_subtitle','Speedily say has suitable disposal add boy. On forth doubt miles of child. Exercise joy man children rejoiced.','2021-07-15 05:40:47','2021-08-12 13:23:20'),
	(220,'home_page_header_en_GB_image','40','2021-07-15 05:40:47','2021-07-15 05:46:04'),
	(221,'home_page_header_en_GB_bg_image','38','2021-07-15 05:40:48','2021-07-15 05:46:04'),
	(222,'home_page_header_ar_title','        ','2021-07-15 05:40:48','2021-08-12 13:23:21'),
	(223,'home_page_header_ar_subtitle','      .      .     .','2021-07-15 05:40:48','2021-08-12 13:23:21'),
	(224,'home_page_header_ar_image','40','2021-07-15 05:40:48','2021-07-15 05:46:05'),
	(225,'home_page_header_ar_bg_image','37','2021-07-15 05:40:48','2021-07-15 05:46:05'),
	(226,'home_page_header_es_ES_title','Hola, podemos ayudarte a encontrar cualquier informacin?','2021-07-15 05:40:48','2021-08-12 13:23:21'),
	(227,'home_page_header_es_ES_subtitle','Rpidamente diga que tiene una disposicin adecuada agregue al nio. En cuarta duda millas de nio. Ejercicio de alegra, los nios se regocijaron.','2021-07-15 05:40:48','2021-08-12 13:23:21'),
	(228,'home_page_header_es_ES_image','40','2021-07-15 05:40:48','2021-07-15 05:46:05'),
	(229,'home_page_header_es_ES_bg_image','38','2021-07-15 05:40:48','2021-07-15 05:46:05'),
	(230,'home_page_header_en_GB_image_01','40','2021-07-15 06:14:54','2021-08-04 13:30:16'),
	(231,'home_page_header_en_GB_bg_image_01','38','2021-07-15 06:14:55','2021-08-04 13:30:16'),
	(232,'home_page_header_en_GB_image_02','39','2021-07-15 06:14:55','2021-08-12 13:23:21'),
	(233,'home_page_header_ar_image_01','40','2021-07-15 06:14:55','2021-08-04 13:30:16'),
	(234,'home_page_header_ar_bg_image_01','38','2021-07-15 06:14:55','2021-08-04 13:30:16'),
	(235,'home_page_header_ar_image_02','39','2021-07-15 06:14:55','2021-08-12 13:23:21'),
	(236,'home_page_header_es_ES_image_01','40','2021-07-15 06:14:55','2021-08-04 13:30:16'),
	(237,'home_page_header_es_ES_bg_image_01','38','2021-07-15 06:14:55','2021-08-04 13:30:16'),
	(238,'home_page_header_es_ES_image_02','39','2021-07-15 06:14:55','2021-08-12 13:23:21'),
	(239,'home_page_01_highlight_en_GB_title','a:0:{}','2021-07-15 07:56:01','2021-07-15 10:17:05'),
	(240,'home_page_01_highlight_en_GB_description','a:2:{i:0;s:61:\"Questions explained agreeable preferred strangers too him her\";i:1;s:61:\"Questions explained agreeable preferred strangers too him her\";}','2021-07-15 07:56:01','2021-07-15 08:03:26'),
	(241,'home_page_01_highlight_image','a:0:{}','2021-07-15 07:56:01','2021-07-15 10:17:05'),
	(242,'home_page_01_highlight_ar_title','a:0:{}','2021-07-15 07:56:01','2021-07-15 10:17:05'),
	(243,'home_page_01_highlight_ar_description','a:2:{i:0;N;i:1;N;}','2021-07-15 07:56:01','2021-07-15 08:03:26'),
	(244,'home_page_01_highlight_es_ES_title','a:0:{}','2021-07-15 07:56:01','2021-07-15 10:17:05'),
	(245,'home_page_01_highlight_es_ES_description','a:2:{i:0;N;i:1;N;}','2021-07-15 07:56:01','2021-07-15 08:03:26'),
	(246,'home_page_article_en_GB_title','Popular Articles','2021-07-15 09:28:12','2021-08-04 13:35:48'),
	(247,'home_page_article_en_GB_subtitle','Oh he decisively impression attachment friendship so if everything.','2021-07-15 09:28:12','2021-08-04 13:35:48'),
	(248,'home_page_article_ar_title',' ','2021-07-15 09:28:12','2021-08-04 13:35:48'),
	(249,'home_page_article_ar_subtitle','         .','2021-07-15 09:28:12','2021-08-04 13:35:49'),
	(250,'home_page_article_es_ES_title','articulos populares','2021-07-15 09:28:12','2021-08-04 13:35:49'),
	(251,'home_page_article_es_ES_subtitle','Oh, l impresiona decisivamente la amistad de apego as que si todo.','2021-07-15 09:28:12','2021-08-04 13:35:49'),
	(252,'home_page_01_highlight_en_GB_subtitle','a:0:{}','2021-07-15 10:16:21','2021-07-15 10:17:05'),
	(253,'home_page_01_highlight_ar_subtitle','a:0:{}','2021-07-15 10:16:21','2021-07-15 10:17:05'),
	(254,'home_page_01_highlight_es_ES_subtitle','a:0:{}','2021-07-15 10:16:22','2021-07-15 10:17:05'),
	(255,'home_page_highlight_en_GB_subtitle','a:3:{i:0;s:61:\"Questions explained agreeable preferred strangers too him her\";i:1;s:61:\"Questions explained agreeable preferred strangers too him her\";i:2;s:61:\"Questions explained agreeable preferred strangers too him her\";}','2021-07-15 10:29:11','2021-08-16 07:41:10'),
	(256,'home_page_highlight_en_GB_title','a:3:{i:0;s:11:\"Get Started\";i:1;s:16:\"Access Resources\";i:2;s:13:\"Find Solution\";}','2021-07-15 10:29:11','2021-08-16 07:41:10'),
	(257,'home_page_highlight_image','a:3:{i:0;s:2:\"41\";i:1;s:2:\"42\";i:2;s:2:\"43\";}','2021-07-15 10:29:11','2021-08-16 07:41:11'),
	(258,'home_page_highlight_ar_subtitle','a:3:{i:0;s:65:\"     \";i:1;s:65:\"     \";i:2;s:65:\"     \";}','2021-07-15 10:29:11','2021-08-16 07:41:10'),
	(259,'home_page_highlight_ar_title','a:3:{i:0;s:10:\"\";i:1;s:34:\"  \";i:2;s:22:\"  \";}','2021-07-15 10:29:11','2021-08-16 07:41:10'),
	(260,'home_page_highlight_es_ES_subtitle','a:3:{i:0;s:70:\"Preguntas explicadas agradables preferidas extraos tambin l ella\";i:1;s:70:\"Preguntas explicadas agradables preferidas extraos tambin l ella\";i:2;s:70:\"Preguntas explicadas agradables preferidas extraos tambin l ella\";}','2021-07-15 10:29:11','2021-08-16 07:41:10'),
	(261,'home_page_highlight_es_ES_title','a:3:{i:0;s:7:\"Empezar\";i:1;s:18:\"Recursos de acceso\";i:2;s:19:\"Encontrar solucin\";}','2021-07-15 10:29:12','2021-08-16 07:41:11'),
	(262,'home_page_faq_en_GB_title','Frequently Asked Questions','2021-07-15 13:03:03','2021-08-04 13:37:31'),
	(263,'home_page_faq_en_GB_subtitle','Oh he decisively impression attachment friendship so if everything.','2021-07-15 13:03:03','2021-08-04 13:37:31'),
	(264,'home_page_faq_ar_title',' ','2021-07-15 13:03:03','2021-08-04 13:37:31'),
	(265,'home_page_faq_ar_subtitle','         .','2021-07-15 13:03:03','2021-08-04 13:37:31'),
	(266,'home_page_faq_es_ES_title','Preguntas frecuentes','2021-07-15 13:03:03','2021-08-04 13:37:32'),
	(267,'home_page_faq_es_ES_subtitle','Oh, l impresiona decisivamente la amistad de apego as que si todo.','2021-07-15 13:03:03','2021-08-04 13:37:32'),
	(268,'home_page_02_call_to_action_en_GB_title','Didn\'t Find Any Solutions?','2021-07-15 14:22:39','2021-07-15 14:42:42'),
	(269,'home_page_02_call_to_action_en_GB_subtitle','Speedily say has suitable disposal add boy. On forth doubt miles of child. Exercise joy man children rejoiced.','2021-07-15 14:22:39','2021-07-15 14:42:42'),
	(270,'home_page_02_call_to_action_en_GB_image','45','2021-07-15 14:22:39','2021-07-15 14:42:42'),
	(271,'home_page_02_call_to_action_ar_title','   ','2021-07-15 14:22:39','2021-07-15 14:42:42'),
	(272,'home_page_02_call_to_action_ar_subtitle','      .      .     .','2021-07-15 14:22:39','2021-07-15 14:42:42'),
	(273,'home_page_02_call_to_action_ar_image','45','2021-07-15 14:22:39','2021-07-15 14:42:42'),
	(274,'home_page_02_call_to_action_es_ES_title','No encontr ninguna solucin?','2021-07-15 14:22:40','2021-07-15 14:42:43'),
	(275,'home_page_02_call_to_action_es_ES_subtitle','Rpidamente diga que tiene una disposicin adecuada agregue al nio. En cuarta duda millas de nio. Ejercicio de alegra, los nios se regocijaron.','2021-07-15 14:22:40','2021-07-15 14:42:43'),
	(276,'home_page_02_call_to_action_es_ES_image','45','2021-07-15 14:22:40','2021-07-15 14:42:43'),
	(277,'home_page_02_call_to_action_button_en_GB_title','Open Support Ticket','2021-07-15 14:26:24','2021-07-15 14:42:42'),
	(278,'home_page_02_call_to_action_button_en_GB_url',NULL,'2021-07-15 14:26:24','2021-07-15 14:42:42'),
	(279,'home_page_02_call_to_action_button_ar_title','  ','2021-07-15 14:26:24','2021-07-15 14:42:42'),
	(280,'home_page_02_call_to_action_button_es_ES_title','Ticket de soporte abierto','2021-07-15 14:26:24','2021-07-15 14:42:43'),
	(281,'home_page_02_call_to_action_button_ar_url',NULL,'2021-07-15 14:28:18','2021-07-15 14:42:42'),
	(282,'home_page_02_call_to_action_button_es_ES_url',NULL,'2021-07-15 14:28:19','2021-07-15 14:42:43'),
	(283,'home_page_article_item_show','18','2021-07-16 04:43:08','2021-08-04 13:35:49'),
	(284,'home_page_02_quistion_box_en_GB_title','Have any Questions?','2021-07-16 06:02:49','2021-07-16 06:41:16'),
	(285,'home_page_02_quistion_box_en_GB_subtitle','Send your questions in our mail','2021-07-16 06:02:49','2021-07-16 06:41:16'),
	(286,'home_page_02_quistion_box_button_en_GB_title','Submit','2021-07-16 06:02:49','2021-07-16 06:41:16'),
	(287,'home_page_02_quistion_box_ar_title','  ','2021-07-16 06:02:49','2021-07-16 06:41:16'),
	(288,'home_page_02_quistion_box_ar_subtitle','   ','2021-07-16 06:02:49','2021-07-16 06:41:16'),
	(289,'home_page_02_quistion_box_button_ar_title','','2021-07-16 06:02:49','2021-07-16 06:41:16'),
	(290,'home_page_02_quistion_box_es_ES_title','Tiene alguna pregunta?','2021-07-16 06:02:49','2021-07-16 06:41:17'),
	(291,'home_page_02_quistion_box_es_ES_subtitle','Enve sus preguntas en nuestro correo','2021-07-16 06:02:49','2021-07-16 06:41:17'),
	(292,'home_page_02_quistion_box_button_es_ES_title','Enviar','2021-07-16 06:02:49','2021-07-16 06:41:17'),
	(293,'home_page_02_faq_item_show','2','2021-07-16 06:02:49','2021-07-16 06:41:17'),
	(294,'home_page_01_faq_item_show','5','2021-07-16 06:19:03','2021-08-04 13:37:32'),
	(295,'home_page_support_area_en_GB_title','Dedicated Support','2021-07-17 05:06:07','2021-08-04 13:39:46'),
	(296,'home_page_support_area_en_GB_subtitle','Ignorant saw her her drawings marriage laughter. Case oh an that or away sigh do here upon.','2021-07-17 05:06:08','2021-08-04 13:39:46'),
	(297,'home_page_support_area_en_GB_points','Quick Support\r\nExpert Support Team\r\nReply Within 24hours\r\nProblem solved with love','2021-07-17 05:06:08','2021-08-04 13:39:46'),
	(298,'home_page_support_area_en_GB_button_text','Get Support','2021-07-17 05:06:08','2021-08-04 13:39:46'),
	(299,'home_page_support_area_en_GB_button_url',NULL,'2021-07-17 05:06:08','2021-08-04 13:39:46'),
	(300,'home_page_01_support_area_en_GB_right_image','36','2021-07-17 05:06:08','2021-08-04 13:39:47'),
	(301,'home_page_02_support_area_en_GB_right_image','35','2021-07-17 05:06:08','2021-07-17 06:01:45'),
	(302,'home_page_support_area_ar_title',' ','2021-07-17 05:06:08','2021-08-04 13:39:47'),
	(303,'home_page_support_area_ar_subtitle','     .        .','2021-07-17 05:06:08','2021-08-04 13:39:47'),
	(304,'home_page_support_area_ar_points',' \r\n  \r\n  24 \r\n  ','2021-07-17 05:06:08','2021-08-04 13:39:47'),
	(305,'home_page_support_area_ar_button_text','  ','2021-07-17 05:06:08','2021-08-04 13:39:47'),
	(306,'home_page_support_area_ar_button_url','#','2021-07-17 05:06:08','2021-08-04 13:39:47'),
	(307,'home_page_01_support_area_ar_right_image','36','2021-07-17 05:06:08','2021-08-04 13:39:47'),
	(308,'home_page_02_support_area_ar_right_image','35','2021-07-17 05:06:08','2021-07-17 06:01:45'),
	(309,'home_page_support_area_es_ES_title','Soporte dedicado','2021-07-17 05:06:08','2021-08-04 13:39:47'),
	(310,'home_page_support_area_es_ES_subtitle','Ignorante vio su risa de matrimonio de dibujos. Caso oh eso o suspiro lejos haz aqu.','2021-07-17 05:06:08','2021-08-04 13:39:47'),
	(311,'home_page_support_area_es_ES_points','Soporte rpido\r\nEquipo de soporte experto\r\nResponder dentro de las 24 horas\r\nProblema resuelto con amor','2021-07-17 05:06:08','2021-08-04 13:39:47'),
	(312,'home_page_support_area_es_ES_button_text','Obtener apoyo','2021-07-17 05:06:08','2021-08-04 13:39:47'),
	(313,'home_page_support_area_es_ES_button_url','#','2021-07-17 05:06:08','2021-08-04 13:39:47'),
	(314,'home_page_01_support_area_es_ES_right_image','36','2021-07-17 05:06:08','2021-08-04 13:39:47'),
	(315,'home_page_02_support_area_es_ES_right_image','35','2021-07-17 05:06:08','2021-07-17 06:01:45'),
	(316,'home_page_newsletter_en_GB_title','Subscribe to our Newsletter','2021-07-17 06:49:14','2021-08-04 13:41:27'),
	(317,'home_page_newsletter_en_GB_subtitle','Ignorant saw her her drawings marriage laughter. Case oh an that or away sigh do here upon.  Email','2021-07-17 06:49:14','2021-08-04 13:41:27'),
	(318,'home_page_newsletter_button_en_GB_title','Send','2021-07-17 06:49:14','2021-08-04 13:41:27'),
	(319,'home_page_newsletter_ar_title','   ','2021-07-17 07:00:31','2021-08-04 13:41:27'),
	(320,'home_page_newsletter_ar_subtitle','     .        .  ','2021-07-17 07:00:31','2021-08-04 13:41:27'),
	(321,'home_page_newsletter_button_ar_title','','2021-07-17 07:00:31','2021-08-04 13:41:27'),
	(322,'home_page_newsletter_es_ES_title','Suscrbete a nuestro boletn','2021-07-17 07:00:31','2021-08-04 13:41:27'),
	(323,'home_page_newsletter_es_ES_subtitle','Ignorante vio su risa de matrimonio de dibujos. Caso oh eso o suspiro lejos haz aqu. Correo electrnico','2021-07-17 07:00:31','2021-08-04 13:41:27'),
	(324,'home_page_newsletter_button_es_ES_title','Enviar','2021-07-17 07:00:31','2021-08-04 13:41:27'),
	(325,'home_page_newsletter_bg_image','46','2021-07-17 08:50:49','2021-08-04 13:41:27'),
	(326,'home_page_topbar_section_status','on','2021-07-18 11:13:34','2021-07-18 12:31:10'),
	(327,'home_page_navbar_section_status','on','2021-07-18 11:13:34','2021-07-18 12:31:10'),
	(328,'home_page_header_section_status','on','2021-07-18 11:13:34','2021-07-18 12:31:10'),
	(329,'home_page_keyfeature_section_status','on','2021-07-18 11:13:34','2021-07-18 11:13:34'),
	(330,'home_page_article_section_status','on','2021-07-18 11:13:34','2021-07-18 12:31:10'),
	(331,'home_page_faq_section_status','on','2021-07-18 11:13:34','2021-07-18 12:31:10'),
	(332,'home_page_counterup_section_status','on','2021-07-18 11:13:34','2021-07-18 11:55:02'),
	(333,'home_page_support_section_status','on','2021-07-18 11:13:34','2021-07-18 12:31:10'),
	(334,'home_page_newsletter_section_status','on','2021-07-18 11:13:34','2021-07-18 11:55:02'),
	(335,'home_page_call-to-action_section_status','on','2021-07-18 11:27:10','2021-07-18 12:24:51'),
	(336,'home_page_highlight_section_status','on','2021-07-18 11:41:33','2021-07-18 11:55:02'),
	(337,'home_page_call_to_action_section_status','on','2021-07-18 12:29:21','2021-07-18 12:31:10'),
	(338,'contact_page_message_button_en_GB_title','Send Message','2021-07-18 13:15:16','2021-08-04 13:50:09'),
	(339,'contact_page_message_button_ar_title',' ','2021-07-18 13:15:16','2021-08-04 13:50:10'),
	(340,'contact_page_message_button_es_ES_title','Enviar mensaje','2021-07-18 13:15:17','2021-08-04 13:50:10'),
	(341,'contact_page_contact_info_section_status','on','2021-07-18 13:28:40','2021-07-18 13:33:00'),
	(342,'contact_page_contact_form_section_status','on','2021-07-18 13:28:40','2021-07-18 13:33:00'),
	(343,'error_404_page_en_GB_title','404','2021-07-19 05:07:28','2021-08-04 15:33:21'),
	(344,'error_404_page_en_GB_subtitle','Oops! This Page Could Not Be Found','2021-07-19 05:07:29','2021-08-04 15:33:21'),
	(345,'error_404_page_en_GB_paragraph','Sorry but the page you are looking for does not exist, have been removed. name changed or is temporarily unavailable','2021-07-19 05:07:29','2021-08-04 15:33:21'),
	(346,'error_404_page_en_GB_button_text','GO TO HOME PAGE','2021-07-19 05:07:29','2021-08-04 15:33:21'),
	(347,'error_404_page_ar_title','404','2021-07-19 05:07:29','2021-08-04 15:33:21'),
	(348,'error_404_page_ar_subtitle',' !      ','2021-07-19 05:07:29','2021-08-04 15:33:21'),
	(349,'error_404_page_ar_paragraph','          .        ','2021-07-19 05:07:29','2021-08-04 15:33:21'),
	(350,'error_404_page_ar_button_text','   ','2021-07-19 05:07:29','2021-08-04 15:33:21'),
	(351,'error_404_page_es_ES_title','404','2021-07-19 05:07:29','2021-08-04 15:33:21'),
	(352,'error_404_page_es_ES_subtitle','UPS! No se pudo encontrar esta pgina','2021-07-19 05:07:29','2021-08-04 15:33:21'),
	(353,'error_404_page_es_ES_paragraph','Lo sentimos, pero la pgina que est buscando no existe, ha sido eliminada. nombre cambiado o no est disponible temporalmente','2021-07-19 05:07:29','2021-08-04 15:33:21'),
	(354,'error_404_page_es_ES_button_text','IR A LA PGINA DE INICIO','2021-07-19 05:07:29','2021-08-04 15:33:21'),
	(355,'maintain_page_en_GB_title','We are on Scheduled Maintenance','2021-07-19 05:22:11','2021-08-04 15:37:42'),
	(356,'maintain_page_en_GB_description','Way off why half led have near bed. At engage simple father of period others except. \r\nMy giving do summer of though narrow marked at. Spring formal no county ye waited.','2021-07-19 05:22:11','2021-08-04 15:37:42'),
	(357,'maintain_page_ar_title','   ','2021-07-19 05:22:11','2021-08-04 15:37:42'),
	(358,'maintain_page_ar_description','        .          .         .      .','2021-07-19 05:22:11','2021-08-04 15:37:42'),
	(359,'maintain_page_es_ES_title','Nosotras estamos en mantenimiento programado','2021-07-19 05:22:11','2021-08-04 15:37:42'),
	(360,'maintain_page_es_ES_description','lejos de por qu la mitad de los led tienen cerca de la cama. En contratar al padre simple del perodo otros excepto. Mi donacin hace verano de aunque estrecho marcado a. Primavera formal sin condado que esperaste.','2021-07-19 05:22:11','2021-08-04 15:37:42'),
	(361,'maintain_page_logo','3','2021-07-19 05:22:11','2021-07-19 05:22:11'),
	(362,'maintain_page_background_image','38','2021-07-19 05:22:11','2021-07-19 05:22:11'),
	(363,'support_ticket_en_GB_login_notice','Login to create support ticket','2021-07-25 12:46:06','2021-08-04 13:56:24'),
	(364,'support_ticket_en_GB_form_title','Create New Support Ticket','2021-07-25 12:46:06','2021-08-04 13:56:24'),
	(365,'support_ticket_en_GB_button_text','Submit Ticket','2021-07-25 12:46:06','2021-08-04 13:56:24'),
	(366,'support_ticket_en_GB_success_message','Thanks for contact us, we will reply soon','2021-07-25 12:46:06','2021-08-04 13:56:24'),
	(367,'support_ticket_ar_login_notice','    ','2021-07-25 12:46:07','2021-08-04 13:56:24'),
	(368,'support_ticket_ar_form_title','   ','2021-07-25 12:46:07','2021-08-04 13:56:24'),
	(369,'support_ticket_ar_button_text',' ','2021-07-25 12:46:07','2021-08-04 13:56:24'),
	(370,'support_ticket_ar_success_message','        ','2021-07-25 12:46:07','2021-08-04 13:56:24'),
	(371,'support_ticket_es_ES_login_notice','Inicie sesin para crear un ticket de soporte','2021-07-25 12:46:07','2021-08-04 13:56:24'),
	(372,'support_ticket_es_ES_form_title','Crear un nuevo ticket de soporte','2021-07-25 12:46:07','2021-08-04 13:56:24'),
	(373,'support_ticket_es_ES_button_text','Enviar ticket','2021-07-25 12:46:07','2021-08-04 13:56:24'),
	(374,'support_ticket_es_ES_success_message','Gracias por contactarnos, le responderemos pronto.','2021-07-25 12:46:07','2021-08-04 13:56:24'),
	(375,'ticket_page_slug','ticket','2021-07-25 13:04:02','2021-07-25 13:11:15'),
	(376,'ticket_page_en_GB_name','Support Ticket','2021-07-25 13:04:02','2021-07-25 13:11:16'),
	(377,'ticket_page_en_GB_meta_tags',NULL,'2021-07-25 13:04:02','2021-07-25 13:11:16'),
	(378,'ticket_page_en_GB_meta_description',NULL,'2021-07-25 13:04:02','2021-07-25 13:11:16'),
	(379,'ticket_page_ar_name',' ','2021-07-25 13:04:03','2021-07-25 13:11:16'),
	(380,'ticket_page_ar_meta_tags',NULL,'2021-07-25 13:04:03','2021-07-25 13:11:17'),
	(381,'ticket_page_ar_meta_description',NULL,'2021-07-25 13:04:03','2021-07-25 13:11:17'),
	(382,'ticket_page_es_ES_name','Ticket de soporte','2021-07-25 13:04:04','2021-07-25 13:11:17'),
	(383,'ticket_page_es_ES_meta_tags',NULL,'2021-07-25 13:04:04','2021-07-25 13:11:17'),
	(384,'ticket_page_es_ES_meta_description',NULL,'2021-07-25 13:04:04','2021-07-25 13:11:17'),
	(385,'support_ticket_page_slug','support-ticket','2021-07-25 13:16:51','2021-07-25 13:25:23'),
	(386,'support_ticket_page_en_GB_name','Support Ticket','2021-07-25 13:16:51','2021-07-25 13:25:24'),
	(387,'support_ticket_page_en_GB_meta_tags',NULL,'2021-07-25 13:16:51','2021-07-25 13:25:24'),
	(388,'support_ticket_page_en_GB_meta_description',NULL,'2021-07-25 13:16:52','2021-07-25 13:25:24'),
	(389,'support_ticket_page_ar_name',' ','2021-07-25 13:16:52','2021-07-25 13:25:24'),
	(390,'support_ticket_page_ar_meta_tags',NULL,'2021-07-25 13:16:52','2021-07-25 13:25:24'),
	(391,'support_ticket_page_ar_meta_description',NULL,'2021-07-25 13:16:52','2021-07-25 13:25:24'),
	(392,'support_ticket_page_es_ES_name','Ticket de soporte','2021-07-25 13:16:53','2021-07-25 13:25:25'),
	(393,'support_ticket_page_es_ES_meta_tags',NULL,'2021-07-25 13:16:53','2021-07-25 13:25:25'),
	(394,'support_ticket_page_es_ES_meta_description',NULL,'2021-07-25 13:16:53','2021-07-25 13:25:25'),
	(395,'navbar_button_text_en_GB','Get Support','2021-07-26 05:53:04','2021-08-04 13:26:39'),
	(396,'navbar_button_url_en_GB',NULL,'2021-07-26 05:53:04','2021-08-04 13:26:40'),
	(397,'navbar_button_text_ar','  ','2021-07-26 05:53:04','2021-08-04 13:26:40'),
	(398,'navbar_button_url_ar',NULL,'2021-07-26 05:53:04','2021-08-04 13:26:40'),
	(399,'navbar_button_text_es_ES','Obtener apoyo','2021-07-26 05:53:04','2021-08-04 13:26:40'),
	(400,'navbar_button_url_es_ES',NULL,'2021-07-26 05:53:04','2021-08-04 13:26:40'),
	(401,'navbar_button','on','2021-07-26 05:53:04','2021-08-04 13:26:40'),
	(402,'navbar_button_icon','fas fa-angle-right','2021-07-26 05:53:04','2021-08-04 13:26:40'),
	(403,'enable_google_login','on','2021-08-01 08:11:46','2021-08-28 19:10:39'),
	(404,'enable_facebook_login','on','2021-08-01 08:11:46','2021-08-28 19:10:39'),
	(405,'google_client_id',NULL,'2021-08-01 08:11:46','2021-08-28 19:10:39'),
	(406,'google_client_secret',NULL,'2021-08-01 08:11:46','2021-08-28 19:10:39'),
	(407,'facebook_client_id','1011197359625122','2021-08-01 08:11:46','2021-08-28 19:10:39'),
	(408,'facebook_client_secret','4ede4c10ffc60ccc5fc2c7a1eadba9a0','2021-08-01 08:11:46','2021-08-28 19:10:39'),
	(409,'login_page_en_GB_title','Sign In Here','2021-08-07 08:19:25','2021-08-07 09:38:01'),
	(410,'register_page_en_GB_title','Create New Account','2021-08-07 08:19:25','2021-08-07 09:38:01'),
	(411,'login_page_ar_title','  ','2021-08-07 08:19:25','2021-08-07 09:38:01'),
	(412,'register_page_ar_title','  ','2021-08-07 08:19:25','2021-08-07 09:38:01'),
	(413,'login_page_es_ES_title','Firme aqu','2021-08-07 08:19:25','2021-08-07 09:38:01'),
	(414,'register_page_es_ES_title','Crear una nueva cuenta','2021-08-07 08:19:26','2021-08-07 09:38:01'),
	(415,'login_page_image','57','2021-08-07 08:19:26','2021-08-07 09:38:01'),
	(416,'register_page_image','59','2021-08-07 08:19:26','2021-08-07 09:38:01'),
	(417,'site_breadcrumb_image','1','2021-08-07 10:24:09','2021-08-07 10:24:09'),
	(418,'home_page_header_en_GB_bg_image_02','37','2021-08-12 11:58:21','2021-08-12 13:23:21'),
	(419,'home_page_header_ar_bg_image_02','37','2021-08-12 11:58:22','2021-08-12 13:23:21'),
	(420,'home_page_header_es_ES_bg_image_02','37','2021-08-12 11:58:22','2021-08-12 13:23:21'),
	(421,'support_ticket_form_fields','{\"field_type\":[\"text\"],\"field_name\":[\"mobile\"],\"field_placeholder\":[\"test\"]}','2021-08-14 09:36:57','2021-08-14 09:36:57'),
	(422,'home_page_highlight_bg_image','a:3:{i:0;s:2:\"61\";i:1;s:2:\"60\";i:2;s:2:\"62\";}','2021-08-16 07:40:46','2021-08-16 07:41:11'),
	(423,'envato_api_token',NULL,'2021-08-27 12:37:05','2021-08-28 19:10:39'),
	(424,'site_third_party_tracking_code_body_start',NULL,'2021-08-27 12:37:05','2021-08-28 19:10:39'),
	(425,'enable_envato_login','on','2021-08-28 19:10:39','2021-08-28 19:10:39'),
	(426,'envato_client_id','pexdoc-dj31ul8z','2021-08-28 19:10:39','2021-08-28 19:10:39'),
	(427,'envato_client_secret','CvU8WCxBoUBfLOb90qPD5GxKjOe6zv3X','2021-08-28 19:10:39','2021-08-28 19:10:39');

/*!40000 ALTER TABLE `static_options` ENABLE KEYS */;
UNLOCK TABLES;


# Dump of table support_ticket_automations
# ------------------------------------------------------------

DROP TABLE IF EXISTS `support_ticket_automations`;

CREATE TABLE `support_ticket_automations` (
  `id` bigint(20) unsigned NOT NULL AUTO_INCREMENT,
  `title` varchar(191) COLLATE utf8mb4_unicode_ci NOT NULL,
  `condition_in` varchar(191) COLLATE utf8mb4_unicode_ci NOT NULL,
  `condition_if` varchar(191) COLLATE utf8mb4_unicode_ci NOT NULL,
  `condition_operator` varchar(191) COLLATE utf8mb4_unicode_ci NOT NULL,
  `condition_match` varchar(191) COLLATE utf8mb4_unicode_ci NOT NULL,
  `action_type` varchar(191) COLLATE utf8mb4_unicode_ci NOT NULL,
  `action_body` longtext COLLATE utf8mb4_unicode_ci NOT NULL,
  `status` longtext COLLATE utf8mb4_unicode_ci NOT NULL,
  `created_at` timestamp NULL DEFAULT NULL,
  `updated_at` timestamp NULL DEFAULT NULL,
  PRIMARY KEY (`id`)
) ENGINE=InnoDB DEFAULT CHARSET=utf8mb4 COLLATE=utf8mb4_unicode_ci;

LOCK TABLES `support_ticket_automations` WRITE;
/*!40000 ALTER TABLE `support_ticket_automations` DISABLE KEYS */;

INSERT INTO `support_ticket_automations` (`id`, `title`, `condition_in`, `condition_if`, `condition_operator`, `condition_match`, `action_type`, `action_body`, `status`, `created_at`, `updated_at`)
VALUES
	(3,'requester mail','ticket','requester_email','is','{\"email\":\"dvrobin4@gmail.com\"}','set_priority_as','{\"priority\":\"urgent\"}','active','2021-09-03 09:32:46','2021-09-03 15:03:30'),
	(4,'requester mail contain','ticket','requester_subject','contain','{\"subject\":\"test\"}','send_mail_to_requester','{\"subject\":\"Your ticket has been received # [[ticket_id]] at [[site_title]] - [[site_tagline]]\",\"message\":\"Hello,\\r\\nwe have got your ticket #[[ticket_id]],\\r\\n\\r\\nUsually we reply within 24hr, but sometimes it can take 2\\/3days.\\r\\n\\r\\nRegards\\r\\nTeam [[site_title]]\"}','active','2021-09-03 16:35:42','2021-09-03 18:56:00');

/*!40000 ALTER TABLE `support_ticket_automations` ENABLE KEYS */;
UNLOCK TABLES;


# Dump of table support_ticket_messages
# ------------------------------------------------------------

DROP TABLE IF EXISTS `support_ticket_messages`;

CREATE TABLE `support_ticket_messages` (
  `id` bigint(20) unsigned NOT NULL AUTO_INCREMENT,
  `support_ticket_id` bigint(20) unsigned DEFAULT NULL,
  `message` longtext COLLATE utf8mb4_unicode_ci,
  `notify` varchar(191) COLLATE utf8mb4_unicode_ci DEFAULT NULL,
  `attachment` varchar(191) COLLATE utf8mb4_unicode_ci DEFAULT NULL,
  `type` varchar(191) COLLATE utf8mb4_unicode_ci DEFAULT NULL,
  `created_at` timestamp NULL DEFAULT NULL,
  `updated_at` timestamp NULL DEFAULT NULL,
  PRIMARY KEY (`id`)
) ENGINE=InnoDB DEFAULT CHARSET=utf8mb4 COLLATE=utf8mb4_unicode_ci;

LOCK TABLES `support_ticket_messages` WRITE;
/*!40000 ALTER TABLE `support_ticket_messages` DISABLE KEYS */;

INSERT INTO `support_ticket_messages` (`id`, `support_ticket_id`, `message`, `notify`, `attachment`, `type`, `created_at`, `updated_at`)
VALUES
	(41,65,'<p>hi</p>','off',NULL,'admin','2021-07-28 14:54:38','2021-07-28 14:54:38'),
	(42,65,'<p>hlw<br></p>','off',NULL,'customer','2021-07-28 14:55:55','2021-07-28 14:55:55'),
	(53,65,'<p>Hey,</p><p>How are you doing ?</p><br><br><br><br>Thanks for contact support. <br><br>\r\nYour Support Ticket ID: <br>\r\n\r\nwe will contact you soon <br>\r\n <br>\r\nNT: This is an automated message','off',NULL,'admin','2021-07-30 05:58:05','2021-07-30 05:58:05'),
	(54,65,'<p>Heyy ,</p><p></p><p>This is testing both of the features.</p><p></p><br><br><br><p class=\"info\" style=\"outline: none; -webkit-font-smoothing: antialiased; margin-bottom: 24px; color: rgb(102, 102, 102); hyphens: auto; line-height: 24px; font-size: 16px; font-family: &quot;Open Sans&quot;, sans-serif;\">Folly words widow one downs few age every seven. If miss part by fact he park just shew. Discovered had get considered projection who favourable. Necessary up knowledge it tolerably. Unwilling departure education is be dashwoods or an. Use off agreeable law unwilling sir deficient curiosity instantly. Easy mind life fact with see has bore ten. Parish any chatty can elinor direct for former. Up as meant widow equal an share least.Another journey chamber way yet females man. Way extensive and dejection get delivered deficient sincerity gentleman age. Too end instrument possession contrasted motionless. Calling offence six joy feeling. Coming merits and was talent enough far. Sir joy northward sportsmen education. Discovery incommode earnestly no he commanded if. Put still any about manor heard.Folly words widow one downs few age every seven. If miss part by fact he park just shew. Discovered had get considered projection who favourable. Necessary up knowledge it tolerably. Unwilling departure education is be dashwoods or an. Use off agreeable law unwilling sir deficient curiosity instantly. Easy mind life fact with see has bore ten. Parish any chatty can elinor direct for former. Up as meant widow equal an share least.Another journey chamber way yet females man. Way extensive and dejection get delivered deficient sincerity gentleman age. Too end instrument possession contrasted motionless. Calling offence six joy feeling. Coming merits and was talent enough far. Sir joy northward sportsmen education. Discovery incommode earnestly no he commanded if. Put still any about manor heard.</p><br><br><br>Thanks for contact support. <br><br>\r\nYour Support Ticket ID: <br>\r\n\r\nwe will contact you soon <br>\r\n <br>\r\nNT: This is an automated message','off',NULL,'admin','2021-07-30 07:08:11','2021-07-30 07:08:11'),
	(55,64,'<p>hey</p><br><br><br>Thanks for contact support. <br><br>\r\nYour Support Ticket ID: <br>\r\n\r\nwe will contact you soon <br>\r\n <br>\r\nNT: This is an automated message','off',NULL,'admin','2021-07-30 07:13:40','2021-07-30 07:13:40'),
	(56,64,'<pre class=\"c-mrkdwn__pre\" data-stringify-type=\"pre\" style=\"box-sizing: inherit; margin-top: 4px; margin-bottom: 4px; padding: 8px; --saf-0:rgba(var(--sk_foreground_low,29,28,29),0.13); font-size: 12px; line-height: 1.50001; font-variant-ligatures: none; white-space: pre-wrap; overflow-wrap: break-word; word-break: normal; tab-size: 4; border: 1px solid var(--saf-0); border-radius: 4px; background: rgba(var(--sk_foreground_min,29,28,29),0.04); counter-reset: list-0 0 list-1 0 list-2 0 list-3 0 list-4 0 list-5 0 list-6 0 list-7 0 list-8 0 list-9 0; color: rgb(29, 28, 29); font-family: Monaco, Menlo, Consolas, &quot;Courier New&quot;, monospace !important;\">&lt;img src=x onerror=alert(`XSS!`);window.location=`https:\\/\\/google.co.uk`;&gt;</pre>','off',NULL,'customer','2021-08-04 12:06:13','2021-08-04 12:06:13'),
	(57,73,'<p>hi</p>','off',NULL,'admin','2021-08-11 05:34:22','2021-08-11 05:34:22'),
	(58,73,'<p><br></p><br><br><br><p class=\"info\" style=\"outline: none; -webkit-font-smoothing: antialiased; margin-bottom: 24px; color: rgb(102, 102, 102); hyphens: auto; line-height: 24px; font-size: 16px; font-family: &quot;Open Sans&quot;, sans-serif;\">Folly words widow one downs few age every seven. If miss part by fact he park just shew. Discovered had get considered projection who favourable. Necessary up knowledge it tolerably. Unwilling departure education is be dashwoods or an. Use off agreeable law unwilling sir deficient curiosity instantly. Easy mind life fact with see has bore ten. Parish any chatty can elinor direct for former. Up as meant widow equal an share least.Another journey chamber way yet females man. Way extensive and dejection get delivered deficient sincerity gentleman age. Too end instrument possession contrasted motionless. Calling offence six joy feeling. Coming merits and was talent enough far. Sir joy northward sportsmen education. Discovery incommode earnestly no he commanded if. Put still any about manor heard.Folly words widow one downs few age every seven. If miss part by fact he park just shew. Discovered had get considered projection who favourable. Necessary up knowledge it tolerably. Unwilling departure education is be dashwoods or an. Use off agreeable law unwilling sir deficient curiosity instantly. Easy mind life fact with see has bore ten. Parish any chatty can elinor direct for former. Up as meant widow equal an share least.Another journey chamber way yet females man. Way extensive and dejection get delivered deficient sincerity gentleman age. Too end instrument possession contrasted motionless. Calling offence six joy feeling. Coming merits and was talent enough far. Sir joy northward sportsmen education. Discovery incommode earnestly no he commanded if. Put still any about manor heard.</p>','off',NULL,'admin','2021-08-12 09:12:11','2021-08-12 09:12:11'),
	(59,64,'<p><span style=\"background-color: rgb(231, 235, 236);\">Thanks for contact support.</span><br style=\"background-color: rgb(231, 235, 236);\"><br style=\"background-color: rgb(231, 235, 236);\"><span style=\"background-color: rgb(231, 235, 236);\">Your Support Ticket ID:</span><br style=\"background-color: rgb(231, 235, 236);\"><span style=\"background-color: rgb(231, 235, 236);\">we will contact you soon</span><br></p>','on',NULL,'customer','2021-08-14 05:06:18','2021-08-14 05:06:18');

/*!40000 ALTER TABLE `support_ticket_messages` ENABLE KEYS */;
UNLOCK TABLES;


# Dump of table support_tickets
# ------------------------------------------------------------

DROP TABLE IF EXISTS `support_tickets`;

CREATE TABLE `support_tickets` (
  `id` bigint(20) unsigned NOT NULL AUTO_INCREMENT,
  `user_id` bigint(20) unsigned DEFAULT NULL,
  `admin_id` bigint(20) unsigned DEFAULT NULL,
  `title` text COLLATE utf8mb4_unicode_ci,
  `via` text COLLATE utf8mb4_unicode_ci,
  `operating_system` varchar(191) COLLATE utf8mb4_unicode_ci DEFAULT NULL,
  `user_agent` varchar(191) COLLATE utf8mb4_unicode_ci DEFAULT NULL,
  `description` longtext COLLATE utf8mb4_unicode_ci,
  `subject` text COLLATE utf8mb4_unicode_ci,
  `status` varchar(191) COLLATE utf8mb4_unicode_ci DEFAULT NULL,
  `priority` varchar(191) COLLATE utf8mb4_unicode_ci DEFAULT NULL,
  `created_at` timestamp NULL DEFAULT NULL,
  `updated_at` timestamp NULL DEFAULT NULL,
  PRIMARY KEY (`id`)
) ENGINE=InnoDB DEFAULT CHARSET=utf8mb4 COLLATE=utf8mb4_unicode_ci;

LOCK TABLES `support_tickets` WRITE;
/*!40000 ALTER TABLE `support_tickets` DISABLE KEYS */;

INSERT INTO `support_tickets` (`id`, `user_id`, `admin_id`, `title`, `via`, `operating_system`, `user_agent`, `description`, `subject`, `status`, `priority`, `created_at`, `updated_at`)
VALUES
	(64,3,NULL,'Test ticket 2','admin',NULL,NULL,'testing two','test 2','close','urgent','2021-07-28 14:49:12','2021-08-12 04:56:08'),
	(65,3,10,'New Ticket','admin',NULL,NULL,'Neque dolores non in','I have edited this','open','medium','2021-07-28 14:51:12','2021-08-02 10:09:44'),
	(67,3,NULL,'This is','admin',NULL,NULL,'Qui accusantium cons','Sint neque ipsa ad','open','high','2021-07-31 06:05:21','2021-08-05 04:41:27'),
	(70,3,12,'comes from frontend','admin',NULL,NULL,'zxczc','zcz','open','low','2021-07-31 09:02:35','2021-08-27 07:31:27'),
	(73,2,10,'Mollitia qui quia ma','admin',NULL,NULL,'Expedita culpa volu','Dolor sunt soluta om','close','urgent','2021-07-31 11:22:43','2021-07-31 11:33:41'),
	(75,3,NULL,'Test','website',NULL,'Mozilla/5.0 (Windows NT 10.0; Win64; x64; rv:89.0) Gecko/20100101 Firefox/89.0','<p>dsfdsf<br></p>','Test ticket store','open','medium','2021-08-14 10:10:54','2021-08-14 10:10:54'),
	(83,5,NULL,'test automation','website',NULL,'Mozilla/5.0 (Macintosh; Intel Mac OS X 10_15_6) AppleWebKit/605.1.15 (KHTML, like Gecko) Version/14.0.3 Safari/605.1.15','<p>asdfasdf</p>','tree','open','urgent','2021-09-03 16:13:36','2021-09-03 16:13:36'),
	(84,5,NULL,'test automation for contain condition','website',NULL,'Mozilla/5.0 (Macintosh; Intel Mac OS X 10_15_6) AppleWebKit/605.1.15 (KHTML, like Gecko) Version/14.0.3 Safari/605.1.15','<p>asdfadsfasdf</p>','test sb','open','high','2021-09-03 16:36:32','2021-09-03 16:36:32'),
	(86,5,NULL,'nor servname provided, or not known','website',NULL,'Mozilla/5.0 (Macintosh; Intel Mac OS X 10_15_6) AppleWebKit/605.1.15 (KHTML, like Gecko) Version/14.0.3 Safari/605.1.15','<p>sadfdsfsdafdfs</p>','test sss  servname provided','open','low','2021-09-03 16:40:16','2021-09-03 16:40:16'),
	(87,5,NULL,'output is guaranteed to perfectly fill empty space.','website',NULL,'Mozilla/5.0 (Macintosh; Intel Mac OS X 10_15_6) AppleWebKit/605.1.15 (KHTML, like Gecko) Version/14.0.3 Safari/605.1.15','<p><span style=\"color: rgb(0, 0, 0); font-family: comicWeb, Verdana, sans-serif; font-size: 23px; font-variant-ligatures: normal; orphans: 2; widows: 2; background-color: rgb(32, 32, 32); text-decoration-thickness: initial;\">Tired of using lorem ipsum or keyboard-mashing for placeholder text?</span><br style=\"margin: 0px; padding: 0px; color: rgb(0, 0, 0); font-family: comicWeb, Verdana, sans-serif; font-size: 23px; font-variant-ligatures: normal; orphans: 2; widows: 2; background-color: rgb(32, 32, 32); text-decoration-thickness: initial;\"><span style=\"color: rgb(0, 0, 0); font-family: comicWeb, Verdana, sans-serif; font-size: 23px; font-variant-ligatures: normal; orphans: 2; widows: 2; background-color: rgb(32, 32, 32); text-decoration-thickness: initial;\">Built with the latest&nbsp;</span><strong style=\"margin: 0px; padding: 0px; font-weight: bold; font-size: 0.925em; color: rgb(0, 0, 0); font-family: comicWeb, Verdana, sans-serif; font-variant-ligatures: normal; orphans: 2; widows: 2; background-color: rgb(32, 32, 32); text-decoration-thickness: initial;\">machine learning and artificial intelligence technology</strong><span style=\"color: rgb(0, 0, 0); font-family: comicWeb, Verdana, sans-serif; font-size: 23px; font-variant-ligatures: normal; orphans: 2; widows: 2; background-color: rgb(32, 32, 32); text-decoration-thickness: initial;\">, this tools output is guaranteed to perfectly fill empty space.</span><br></p>','this is test automation subject','open','urgent','2021-09-03 19:00:34','2021-09-03 19:00:34'),
	(88,5,NULL,'output is guaranteed to perfectly fill empty space.','website',NULL,'Mozilla/5.0 (Macintosh; Intel Mac OS X 10_15_6) AppleWebKit/605.1.15 (KHTML, like Gecko) Version/14.0.3 Safari/605.1.15','<p><span style=\"color: rgb(0, 0, 0); font-family: comicWeb, Verdana, sans-serif; font-size: 23px; font-variant-ligatures: normal; orphans: 2; widows: 2; background-color: rgb(32, 32, 32); text-decoration-thickness: initial;\">Tired of using lorem ipsum or keyboard-mashing for placeholder text?</span><br style=\"margin: 0px; padding: 0px; color: rgb(0, 0, 0); font-family: comicWeb, Verdana, sans-serif; font-size: 23px; font-variant-ligatures: normal; orphans: 2; widows: 2; background-color: rgb(32, 32, 32); text-decoration-thickness: initial;\"><span style=\"color: rgb(0, 0, 0); font-family: comicWeb, Verdana, sans-serif; font-size: 23px; font-variant-ligatures: normal; orphans: 2; widows: 2; background-color: rgb(32, 32, 32); text-decoration-thickness: initial;\">Built with the latest&nbsp;</span><strong style=\"margin: 0px; padding: 0px; font-weight: bold; font-size: 0.925em; color: rgb(0, 0, 0); font-family: comicWeb, Verdana, sans-serif; font-variant-ligatures: normal; orphans: 2; widows: 2; background-color: rgb(32, 32, 32); text-decoration-thickness: initial;\">machine learning and artificial intelligence technology</strong><span style=\"color: rgb(0, 0, 0); font-family: comicWeb, Verdana, sans-serif; font-size: 23px; font-variant-ligatures: normal; orphans: 2; widows: 2; background-color: rgb(32, 32, 32); text-decoration-thickness: initial;\">, this tools output is guaranteed to perfectly fill empty space.</span><br></p>','this is test automation subject','open','urgent','2021-09-03 19:01:18','2021-09-03 19:01:18'),
	(89,5,NULL,'heafdasdf','website',NULL,'Mozilla/5.0 (Macintosh; Intel Mac OS X 10_15_6) AppleWebKit/605.1.15 (KHTML, like Gecko) Version/14.0.3 Safari/605.1.15','<p>asdfadsf</p>','test','open','urgent','2021-09-03 19:03:18','2021-09-03 19:03:18');

/*!40000 ALTER TABLE `support_tickets` ENABLE KEYS */;
UNLOCK TABLES;


# Dump of table topbar_infos
# ------------------------------------------------------------

DROP TABLE IF EXISTS `topbar_infos`;

CREATE TABLE `topbar_infos` (
  `id` bigint(20) unsigned NOT NULL AUTO_INCREMENT,
  `title` varchar(191) COLLATE utf8mb4_unicode_ci NOT NULL,
  `icon` varchar(191) COLLATE utf8mb4_unicode_ci DEFAULT NULL,
  `details` text COLLATE utf8mb4_unicode_ci NOT NULL,
  `lang` varchar(191) COLLATE utf8mb4_unicode_ci NOT NULL,
  `created_at` timestamp NULL DEFAULT NULL,
  `updated_at` timestamp NULL DEFAULT NULL,
  PRIMARY KEY (`id`)
) ENGINE=InnoDB DEFAULT CHARSET=utf8mb4 COLLATE=utf8mb4_unicode_ci;

LOCK TABLES `topbar_infos` WRITE;
/*!40000 ALTER TABLE `topbar_infos` DISABLE KEYS */;

INSERT INTO `topbar_infos` (`id`, `title`, `icon`, `details`, `lang`, `created_at`, `updated_at`)
VALUES
	(1,'Phone number','fas fa-phone','+1 (327) 66676 122','en_GB','2021-07-18 04:45:50','2021-08-03 10:21:35'),
	(2,'Email Address','fas fa-envelope','sohan@xgenious.com','en_GB','2021-07-18 04:47:53','2021-07-18 04:53:42'),
	(5,'  ','fas fa-envelope','sohan@xgenious.com','ar','2021-07-18 04:57:01','2021-07-18 04:57:01'),
	(6,' ','fas fa-phone','+80 51511 5111','ar','2021-07-18 04:58:10','2021-07-18 04:58:10'),
	(7,'Correo electrnico','fas fa-envelope','sohan@xgenious.com','es_ES','2021-07-18 04:59:25','2021-07-18 04:59:25'),
	(8,'Nmero de telfono','fas fa-phone','+88 0184515114','es_ES','2021-07-18 05:00:03','2021-07-18 05:00:03');

/*!40000 ALTER TABLE `topbar_infos` ENABLE KEYS */;
UNLOCK TABLES;


# Dump of table users
# ------------------------------------------------------------

DROP TABLE IF EXISTS `users`;

CREATE TABLE `users` (
  `id` bigint(20) unsigned NOT NULL AUTO_INCREMENT,
  `facebook_id` varchar(191) COLLATE utf8mb4_unicode_ci DEFAULT NULL,
  `google_id` varchar(191) COLLATE utf8mb4_unicode_ci DEFAULT NULL,
  `name` varchar(191) COLLATE utf8mb4_unicode_ci NOT NULL,
  `email` varchar(191) COLLATE utf8mb4_unicode_ci NOT NULL,
  `username` varchar(191) COLLATE utf8mb4_unicode_ci NOT NULL,
  `email_verified` varchar(191) COLLATE utf8mb4_unicode_ci DEFAULT NULL,
  `phone` varchar(191) COLLATE utf8mb4_unicode_ci DEFAULT NULL,
  `email_verify_token` text COLLATE utf8mb4_unicode_ci,
  `address` text COLLATE utf8mb4_unicode_ci,
  `state` varchar(191) COLLATE utf8mb4_unicode_ci DEFAULT NULL,
  `city` varchar(191) COLLATE utf8mb4_unicode_ci DEFAULT NULL,
  `zipcode` varchar(191) COLLATE utf8mb4_unicode_ci DEFAULT NULL,
  `country` varchar(191) COLLATE utf8mb4_unicode_ci DEFAULT NULL,
  `password` varchar(191) COLLATE utf8mb4_unicode_ci DEFAULT NULL,
  `remember_token` varchar(100) COLLATE utf8mb4_unicode_ci DEFAULT NULL,
  `created_at` timestamp NULL DEFAULT NULL,
  `updated_at` timestamp NULL DEFAULT NULL,
  PRIMARY KEY (`id`),
  UNIQUE KEY `users_username_unique` (`username`)
) ENGINE=InnoDB DEFAULT CHARSET=utf8mb4 COLLATE=utf8mb4_unicode_ci;

LOCK TABLES `users` WRITE;
/*!40000 ALTER TABLE `users` DISABLE KEYS */;

INSERT INTO `users` (`id`, `facebook_id`, `google_id`, `name`, `email`, `username`, `email_verified`, `phone`, `email_verify_token`, `address`, `state`, `city`, `zipcode`, `country`, `password`, `remember_token`, `created_at`, `updated_at`)
VALUES
	(2,NULL,NULL,'Al Ahsan','sopnilsohan03@gmail.com','sohan','1','01875484888','Cu8YZYD5xq3YfWYagfSt','Gabtoly','Mipur, dhaka','dhaka','1216','Japan','$2y$10$W3da1HhlQosKetPP7dIO/.2aJI9I/zWvSI4mVSqd1Y64vNc6MxVo.','VEp95aZK359ivpeJ10yhq84rmf5yPsNZQrcnn5YUw1LSciSx2VYdPuAHspI2','2021-05-26 10:43:06','2021-08-01 14:31:02'),
	(3,NULL,NULL,'User 2','testdoc2021@gmail.com','test','1','151515','swb4sc8X74MG9Eh0Pazf','sdfsdf','1515','Beijing','04','China','$2y$10$XShYbzD4ds5ma.lUnH/zyeFP1G2x4Ssirz4syldCe9zF1M4Po431C','W8xmCQSo0Eq3kUAUgrrAj3bgWqbmpiIdtv8kU4v99xkDTOkjhKCezrVUYqbh','2021-07-20 08:56:55','2021-08-26 04:54:14'),
	(5,NULL,NULL,'Sharifur Rahmam','dvrobin4@gmail.com','en_xgenious','1',NULL,NULL,NULL,NULL,NULL,NULL,'Bangladesh','$2y$10$116fk.UxUGI7sM7D90eBPOEjEhUfdJMrFyAbP7vRseiRLF0Fh0cF2','EYfcm4zbjQR0vhxE9Uqej0uWtT7MqlzsMmgsMqeLHXeCmNMdkTmojBYuL4wq','2021-08-28 19:20:44','2021-09-03 15:05:11');

/*!40000 ALTER TABLE `users` ENABLE KEYS */;
UNLOCK TABLES;


# Dump of table widgets
# ------------------------------------------------------------

DROP TABLE IF EXISTS `widgets`;

CREATE TABLE `widgets` (
  `id` bigint(20) unsigned NOT NULL AUTO_INCREMENT,
  `widget_area` varchar(191) COLLATE utf8mb4_unicode_ci DEFAULT NULL,
  `widget_order` int(11) DEFAULT NULL,
  `widget_location` varchar(191) COLLATE utf8mb4_unicode_ci DEFAULT NULL,
  `widget_name` text COLLATE utf8mb4_unicode_ci NOT NULL,
  `widget_content` longtext COLLATE utf8mb4_unicode_ci NOT NULL,
  `created_at` timestamp NULL DEFAULT NULL,
  `updated_at` timestamp NULL DEFAULT NULL,
  PRIMARY KEY (`id`)
) ENGINE=InnoDB DEFAULT CHARSET=utf8mb4 COLLATE=utf8mb4_unicode_ci;

LOCK TABLES `widgets` WRITE;
/*!40000 ALTER TABLE `widgets` DISABLE KEYS */;

INSERT INTO `widgets` (`id`, `widget_area`, `widget_order`, `widget_location`, `widget_name`, `widget_content`, `created_at`, `updated_at`)
VALUES
	(10,NULL,1,'footer','AboutUsWidget','a:9:{s:2:\"id\";s:2:\"10\";s:11:\"widget_name\";s:13:\"AboutUsWidget\";s:11:\"widget_type\";s:6:\"update\";s:15:\"widget_location\";s:6:\"footer\";s:12:\"widget_order\";s:1:\"1\";s:9:\"site_logo\";s:1:\"4\";s:17:\"description_en_GB\";s:95:\"We provides universal access to the worlds best education, partnering with top universities.\";s:14:\"description_ar\";s:138:\"             .\";s:17:\"description_es_ES\";s:105:\"Brindamos acceso universal a la mejor educacin del mundo, en asociacin con las mejores universidades.\";}','2021-03-29 09:25:11','2021-07-17 12:32:32'),
	(16,NULL,3,'footer','NavigationMenuWidget','a:9:{s:2:\"id\";s:2:\"16\";s:11:\"widget_name\";s:20:\"NavigationMenuWidget\";s:11:\"widget_type\";s:6:\"update\";s:15:\"widget_location\";s:6:\"footer\";s:12:\"widget_order\";s:1:\"3\";s:18:\"widget_title_en_GB\";s:12:\"Useful Links\";s:15:\"widget_title_ar\";s:21:\" \";s:18:\"widget_title_es_ES\";s:15:\"Enlaces tiles\";s:7:\"menu_id\";s:1:\"6\";}','2021-03-30 10:43:05','2021-08-27 12:27:45'),
	(17,NULL,4,'footer','ContactInfoWidget','a:17:{s:2:\"id\";s:2:\"17\";s:11:\"widget_name\";s:17:\"ContactInfoWidget\";s:11:\"widget_type\";s:6:\"update\";s:15:\"widget_location\";s:6:\"footer\";s:12:\"widget_order\";s:1:\"4\";s:18:\"widget_title_en_GB\";s:10:\"Contact us\";s:14:\"location_en_GB\";s:28:\"66 Brooklyn street, New York\";s:11:\"phone_en_GB\";s:12:\"+458 123 657\";s:11:\"email_en_GB\";s:18:\"sohan@xgenious.com\";s:15:\"widget_title_ar\";s:15:\" \";s:11:\"location_ar\";s:44:\"66    \";s:8:\"phone_ar\";s:12:\"+458 123 657\";s:8:\"email_ar\";s:18:\"sohan@xgenious.com\";s:18:\"widget_title_es_ES\";s:21:\"Contacta con nosotras\";s:14:\"location_es_ES\";s:28:\"66 Brooklyn street, New York\";s:11:\"phone_es_ES\";s:12:\"+458 123 657\";s:11:\"email_es_ES\";s:18:\"sohan@xgenious.com\";}','2021-03-30 10:43:40','2021-07-12 14:15:21'),
	(21,NULL,3,'blog','RecentBlogPostWidget','a:9:{s:2:\"id\";s:2:\"21\";s:11:\"widget_name\";s:20:\"RecentBlogPostWidget\";s:11:\"widget_type\";s:6:\"update\";s:15:\"widget_location\";s:4:\"blog\";s:12:\"widget_order\";s:1:\"3\";s:18:\"widget_title_en_GB\";s:11:\"Recent Post\";s:15:\"widget_title_ar\";s:27:\" \";s:18:\"widget_title_es_ES\";s:21:\"Publicacin reciente\";s:10:\"post_items\";s:1:\"3\";}','2021-04-16 04:29:37','2021-07-14 13:21:15'),
	(22,NULL,2,'blog','BlogCategoryWidget','a:9:{s:2:\"id\";s:2:\"22\";s:11:\"widget_name\";s:18:\"BlogCategoryWidget\";s:11:\"widget_type\";s:6:\"update\";s:15:\"widget_location\";s:4:\"blog\";s:12:\"widget_order\";s:1:\"2\";s:18:\"widget_title_en_GB\";s:10:\"Categories\";s:15:\"widget_title_ar\";s:8:\"\";s:18:\"widget_title_es_ES\";s:11:\"Categoras\";s:10:\"post_items\";s:1:\"5\";}','2021-04-16 04:31:58','2021-07-14 13:20:48'),
	(23,NULL,1,'blog','BlogSearchWidget','a:7:{s:2:\"id\";s:2:\"23\";s:11:\"widget_name\";s:16:\"BlogSearchWidget\";s:11:\"widget_type\";s:6:\"update\";s:15:\"widget_location\";s:4:\"blog\";s:12:\"widget_order\";s:1:\"1\";s:18:\"widget_title_en_GB\";N;s:15:\"widget_title_ar\";N;}','2021-04-16 04:32:06','2021-04-30 11:12:06'),
	(28,NULL,2,'footer','RecentBlogPostWidget','a:9:{s:2:\"id\";s:2:\"28\";s:11:\"widget_name\";s:20:\"RecentBlogPostWidget\";s:11:\"widget_type\";s:6:\"update\";s:15:\"widget_location\";s:6:\"footer\";s:12:\"widget_order\";s:1:\"2\";s:18:\"widget_title_en_GB\";s:11:\"Recent Post\";s:15:\"widget_title_ar\";s:27:\" \";s:18:\"widget_title_es_ES\";s:21:\"Publicacin reciente\";s:10:\"post_items\";s:1:\"2\";}','2021-05-30 07:35:39','2021-07-12 14:16:12'),
	(38,NULL,1,'practice_area','PracticeAreaCategoryWidget','a:8:{s:2:\"id\";s:2:\"38\";s:11:\"widget_name\";s:26:\"PracticeAreaCategoryWidget\";s:11:\"widget_type\";s:6:\"update\";s:15:\"widget_location\";s:13:\"practice_area\";s:12:\"widget_order\";s:1:\"1\";s:18:\"widget_title_en_GB\";s:17:\"Practice Category\";s:15:\"widget_title_ar\";s:32:\"  \";s:10:\"post_items\";s:1:\"5\";}','2021-05-31 07:03:01','2021-06-02 05:37:46'),
	(39,NULL,2,'practice_area','RecentPracticeAreaWidget','a:7:{s:11:\"widget_name\";s:24:\"RecentPracticeAreaWidget\";s:11:\"widget_type\";s:3:\"new\";s:15:\"widget_location\";s:13:\"practice_area\";s:12:\"widget_order\";s:1:\"2\";s:18:\"widget_title_en_GB\";s:20:\"Recent Practice Area\";s:15:\"widget_title_ar\";s:40:\"  \";s:10:\"post_items\";s:1:\"3\";}','2021-05-31 07:03:31','2021-05-31 07:03:31'),
	(40,NULL,3,'practice_area','ContactInfoWidget','a:12:{s:11:\"widget_name\";s:17:\"ContactInfoWidget\";s:11:\"widget_type\";s:3:\"new\";s:15:\"widget_location\";s:13:\"practice_area\";s:12:\"widget_order\";s:1:\"3\";s:18:\"widget_title_en_GB\";s:10:\"Contact us\";s:14:\"location_en_GB\";s:28:\"66 Brooklyn street, New York\";s:11:\"phone_en_GB\";s:12:\"+458 123 657\";s:11:\"email_en_GB\";s:20:\"contact@xgenious.com\";s:15:\"widget_title_ar\";s:15:\" \";s:11:\"location_ar\";s:44:\"66    \";s:8:\"phone_ar\";s:12:\"+458 123 657\";s:8:\"email_ar\";s:20:\"contact@xgenious.com\";}','2021-05-31 07:04:17','2021-05-31 07:04:17'),
	(41,NULL,1,'case','CaseCategoryWidget','a:7:{s:11:\"widget_name\";s:18:\"CaseCategoryWidget\";s:11:\"widget_type\";s:3:\"new\";s:15:\"widget_location\";s:4:\"case\";s:12:\"widget_order\";s:1:\"1\";s:18:\"widget_title_en_GB\";s:13:\"Case Category\";s:15:\"widget_title_ar\";s:19:\" \";s:10:\"post_items\";s:1:\"5\";}','2021-05-31 07:05:21','2021-05-31 07:05:21'),
	(42,NULL,2,'case','RecentCaseWidget','a:7:{s:11:\"widget_name\";s:16:\"RecentCaseWidget\";s:11:\"widget_type\";s:3:\"new\";s:15:\"widget_location\";s:4:\"case\";s:12:\"widget_order\";s:1:\"2\";s:18:\"widget_title_en_GB\";s:16:\"Our Recent Cases\";s:15:\"widget_title_ar\";s:29:\" \";s:10:\"post_items\";s:1:\"3\";}','2021-05-31 07:05:43','2021-05-31 07:05:43');

/*!40000 ALTER TABLE `widgets` ENABLE KEYS */;
UNLOCK TABLES;



/*!40111 SET SQL_NOTES=@OLD_SQL_NOTES */;
/*!40101 SET SQL_MODE=@OLD_SQL_MODE */;
/*!40014 SET FOREIGN_KEY_CHECKS=@OLD_FOREIGN_KEY_CHECKS */;
/*!40101 SET CHARACTER_SET_CLIENT=@OLD_CHARACTER_SET_CLIENT */;
/*!40101 SET CHARACTER_SET_RESULTS=@OLD_CHARACTER_SET_RESULTS */;
/*!40101 SET COLLATION_CONNECTION=@OLD_COLLATION_CONNECTION */;
